Step,AgentID,State,Stand,Type
0,A1,SCHEDULED,,
0,A2,SCHEDULED,,
0,A3,SCHEDULED,,
0,A4,SCHEDULED,,
0,A5,SCHEDULED,,
0,A6,SCHEDULED,,
0,A7,SCHEDULED,,
0,A8,SCHEDULED,,
0,A9,SCHEDULED,,
0,A10,SCHEDULED,,
1,A1,PARKED,C30,PLB
1,A2,SCHEDULED,,
1,A3,SCHEDULED,,
1,A4,SCHEDULED,,
1,A5,SCHEDULED,,
1,A6,SCHEDULED,,
1,A7,SCHEDULED,,
1,A8,SCHEDULED,,
1,A9,SCHEDULED,,
1,A10,SCHEDULED,,
2,A1,PARKED,C30,PLB
2,A2,SCHEDULED,,
2,A3,SCHEDULED,,
2,A4,SCHEDULED,,
2,A5,SCHEDULED,,
2,A6,SCHEDULED,,
2,A7,SCHEDULED,,
2,A8,SCHEDULED,,
2,A9,SCHEDULED,,
2,A10,SCHEDULED,,
3,A1,PARKED,C30,PLB
3,A2,SCHEDULED,,
3,A3,SCHEDULED,,
3,A4,SCHEDULED,,
3,A5,SCHEDULED,,
3,A6,SCHEDULED,,
3,A7,SCHEDULED,,
3,A8,SCHEDULED,,
3,A9,SCHEDULED,,
3,A10,SCHEDULED,,
4,A1,PARKED,C30,PLB
4,A2,SCHEDULED,,
4,A3,SCHEDULED,,
4,A4,SCHEDULED,,
4,A5,SCHEDULED,,
4,A6,SCHEDULED,,
4,A7,SCHEDULED,,
4,A8,SCHEDULED,,
4,A9,SCHEDULED,,
4,A10,SCHEDULED,,
5,A1,PARKED,C30,PLB
5,A2,SCHEDULED,,
5,A3,SCHEDULED,,
5,A4,SCHEDULED,,
5,A5,SCHEDULED,,
5,A6,SCHEDULED,,
5,A7,SCHEDULED,,
5,A8,SCHEDULED,,
5,A9,SCHEDULED,,
5,A10,SCHEDULED,,
6,A1,PARKED,C30,PLB
6,A2,SCHEDULED,,
6,A3,SCHEDULED,,
6,A4,SCHEDULED,,
6,A5,SCHEDULED,,
6,A6,SCHEDULED,,
6,A7,SCHEDULED,,
6,A8,SCHEDULED,,
6,A9,SCHEDULED,,
6,A10,SCHEDULED,,
7,A1,PARKED,C30,PLB
7,A2,SCHEDULED,,
7,A3,SCHEDULED,,
7,A4,SCHEDULED,,
7,A5,SCHEDULED,,
7,A6,SCHEDULED,,
7,A7,SCHEDULED,,
7,A8,SCHEDULED,,
7,A9,SCHEDULED,,
7,A10,SCHEDULED,,
8,A1,PARKED,C30,PLB
8,A2,SCHEDULED,,
8,A3,SCHEDULED,,
8,A4,SCHEDULED,,
8,A5,SCHEDULED,,
8,A6,SCHEDULED,,
8,A7,SCHEDULED,,
8,A8,SCHEDULED,,
8,A9,SCHEDULED,,
8,A10,SCHEDULED,,
9,A1,PARKED,C30,PLB
9,A2,SCHEDULED,,
9,A3,SCHEDULED,,
9,A4,SCHEDULED,,
9,A5,SCHEDULED,,
9,A6,SCHEDULED,,
9,A7,SCHEDULED,,
9,A8,SCHEDULED,,
9,A9,SCHEDULED,,
9,A10,SCHEDULED,,
10,A1,PARKED,C30,PLB
10,A2,SCHEDULED,,
10,A3,SCHEDULED,,
10,A4,SCHEDULED,,
10,A5,SCHEDULED,,
10,A6,SCHEDULED,,
10,A7,SCHEDULED,,
10,A8,SCHEDULED,,
10,A9,SCHEDULED,,
10,A10,SCHEDULED,,
11,A1,PARKED,C30,PLB
11,A2,PARKED,C31,PLB
11,A3,SCHEDULED,,
11,A4,SCHEDULED,,
11,A5,SCHEDULED,,
11,A6,SCHEDULED,,
11,A7,SCHEDULED,,
11,A8,SCHEDULED,,
11,A9,SCHEDULED,,
11,A10,SCHEDULED,,
12,A1,PARKED,C30,PLB
12,A2,PARKED,C31,PLB
12,A3,SCHEDULED,,
12,A4,SCHEDULED,,
12,A5,SCHEDULED,,
12,A6,SCHEDULED,,
12,A7,SCHEDULED,,
12,A8,SCHEDULED,,
12,A9,SCHEDULED,,
12,A10,SCHEDULED,,
13,A1,PARKED,C30,PLB
13,A2,PARKED,C31,PLB
13,A3,SCHEDULED,,
13,A4,SCHEDULED,,
13,A5,SCHEDULED,,
13,A6,SCHEDULED,,
13,A7,SCHEDULED,,
13,A8,SCHEDULED,,
13,A9,SCHEDULED,,
13,A10,SCHEDULED,,
14,A1,PARKED,C30,PLB
14,A2,PARKED,C31,PLB
14,A3,SCHEDULED,,
14,A4,SCHEDULED,,
14,A5,SCHEDULED,,
14,A6,SCHEDULED,,
14,A7,SCHEDULED,,
14,A8,SCHEDULED,,
14,A9,SCHEDULED,,
14,A10,SCHEDULED,,
15,A1,PARKED,C30,PLB
15,A2,PARKED,C31,PLB
15,A3,SCHEDULED,,
15,A4,SCHEDULED,,
15,A5,SCHEDULED,,
15,A6,SCHEDULED,,
15,A7,SCHEDULED,,
15,A8,SCHEDULED,,
15,A9,SCHEDULED,,
15,A10,SCHEDULED,,
16,A1,PARKED,C30,PLB
16,A2,PARKED,C31,PLB
16,A3,SCHEDULED,,
16,A4,SCHEDULED,,
16,A5,SCHEDULED,,
16,A6,SCHEDULED,,
16,A7,SCHEDULED,,
16,A8,SCHEDULED,,
16,A9,SCHEDULED,,
16,A10,SCHEDULED,,
17,A1,PARKED,C30,PLB
17,A2,PARKED,C31,PLB
17,A3,SCHEDULED,,
17,A4,SCHEDULED,,
17,A5,SCHEDULED,,
17,A6,SCHEDULED,,
17,A7,SCHEDULED,,
17,A8,SCHEDULED,,
17,A9,SCHEDULED,,
17,A10,SCHEDULED,,
18,A1,PARKED,C30,PLB
18,A2,PARKED,C31,PLB
18,A3,SCHEDULED,,
18,A4,SCHEDULED,,
18,A5,SCHEDULED,,
18,A6,SCHEDULED,,
18,A7,SCHEDULED,,
18,A8,SCHEDULED,,
18,A9,SCHEDULED,,
18,A10,SCHEDULED,,
19,A1,PARKED,C30,PLB
19,A2,PARKED,C31,PLB
19,A3,SCHEDULED,,
19,A4,SCHEDULED,,
19,A5,SCHEDULED,,
19,A6,SCHEDULED,,
19,A7,SCHEDULED,,
19,A8,SCHEDULED,,
19,A9,SCHEDULED,,
19,A10,SCHEDULED,,
20,A1,PARKED,C30,PLB
20,A2,PARKED,C31,PLB
20,A3,SCHEDULED,,
20,A4,SCHEDULED,,
20,A5,SCHEDULED,,
20,A6,SCHEDULED,,
20,A7,SCHEDULED,,
20,A8,SCHEDULED,,
20,A9,SCHEDULED,,
20,A10,SCHEDULED,,
21,A1,PARKED,C30,PLB
21,A2,PARKED,C31,PLB
21,A3,SCHEDULED,,
21,A4,SCHEDULED,,
21,A5,SCHEDULED,,
21,A6,SCHEDULED,,
21,A7,SCHEDULED,,
21,A8,SCHEDULED,,
21,A9,SCHEDULED,,
21,A10,SCHEDULED,,
22,A1,PARKED,C30,PLB
22,A2,PARKED,C31,PLB
22,A3,SCHEDULED,,
22,A4,SCHEDULED,,
22,A5,SCHEDULED,,
22,A6,SCHEDULED,,
22,A7,SCHEDULED,,
22,A8,SCHEDULED,,
22,A9,SCHEDULED,,
22,A10,SCHEDULED,,
23,A1,PARKED,C30,PLB
23,A2,PARKED,C31,PLB
23,A3,SCHEDULED,,
23,A4,SCHEDULED,,
23,A5,SCHEDULED,,
23,A6,SCHEDULED,,
23,A7,SCHEDULED,,
23,A8,SCHEDULED,,
23,A9,SCHEDULED,,
23,A10,SCHEDULED,,
24,A1,PARKED,C30,PLB
24,A2,PARKED,C31,PLB
24,A3,SCHEDULED,,
24,A4,SCHEDULED,,
24,A5,SCHEDULED,,
24,A6,SCHEDULED,,
24,A7,SCHEDULED,,
24,A8,SCHEDULED,,
24,A9,SCHEDULED,,
24,A10,SCHEDULED,,
25,A1,PARKED,C30,PLB
25,A2,PARKED,C31,PLB
25,A3,SCHEDULED,,
25,A4,SCHEDULED,,
25,A5,SCHEDULED,,
25,A6,SCHEDULED,,
25,A7,SCHEDULED,,
25,A8,SCHEDULED,,
25,A9,SCHEDULED,,
25,A10,SCHEDULED,,
26,A1,PARKED,C30,PLB
26,A2,PARKED,C31,PLB
26,A3,PARKED,C32,PLB
26,A4,SCHEDULED,,
26,A5,SCHEDULED,,
26,A6,SCHEDULED,,
26,A7,SCHEDULED,,
26,A8,SCHEDULED,,
26,A9,SCHEDULED,,
26,A10,SCHEDULED,,
27,A1,PARKED,C30,PLB
27,A2,PARKED,C31,PLB
27,A3,PARKED,C32,PLB
27,A4,SCHEDULED,,
27,A5,SCHEDULED,,
27,A6,SCHEDULED,,
27,A7,SCHEDULED,,
27,A8,SCHEDULED,,
27,A9,SCHEDULED,,
27,A10,SCHEDULED,,
28,A1,PARKED,C30,PLB
28,A2,PARKED,C31,PLB
28,A3,PARKED,C32,PLB
28,A4,SCHEDULED,,
28,A5,SCHEDULED,,
28,A6,SCHEDULED,,
28,A7,SCHEDULED,,
28,A8,SCHEDULED,,
28,A9,SCHEDULED,,
28,A10,SCHEDULED,,
29,A1,PARKED,C30,PLB
29,A2,PARKED,C31,PLB
29,A3,PARKED,C32,PLB
29,A4,SCHEDULED,,
29,A5,SCHEDULED,,
29,A6,SCHEDULED,,
29,A7,SCHEDULED,,
29,A8,SCHEDULED,,
29,A9,SCHEDULED,,
29,A10,SCHEDULED,,
30,A1,PARKED,C30,PLB
30,A2,PARKED,C31,PLB
30,A3,PARKED,C32,PLB
30,A4,SCHEDULED,,
30,A5,SCHEDULED,,
30,A6,SCHEDULED,,
30,A7,SCHEDULED,,
30,A8,SCHEDULED,,
30,A9,SCHEDULED,,
30,A10,SCHEDULED,,
31,A1,PARKED,C30,PLB
31,A2,PARKED,C31,PLB
31,A3,PARKED,C32,PLB
31,A4,SCHEDULED,,
31,A5,SCHEDULED,,
31,A6,SCHEDULED,,
31,A7,SCHEDULED,,
31,A8,SCHEDULED,,
31,A9,SCHEDULED,,
31,A10,SCHEDULED,,
32,A1,PARKED,C30,PLB
32,A2,PARKED,C31,PLB
32,A3,PARKED,C32,PLB
32,A4,SCHEDULED,,
32,A5,SCHEDULED,,
32,A6,SCHEDULED,,
32,A7,SCHEDULED,,
32,A8,SCHEDULED,,
32,A9,SCHEDULED,,
32,A10,SCHEDULED,,
33,A1,PARKED,C30,PLB
33,A2,PARKED,C31,PLB
33,A3,PARKED,C32,PLB
33,A4,SCHEDULED,,
33,A5,SCHEDULED,,
33,A6,SCHEDULED,,
33,A7,SCHEDULED,,
33,A8,SCHEDULED,,
33,A9,SCHEDULED,,
33,A10,SCHEDULED,,
34,A1,PARKED,C30,PLB
34,A2,PARKED,C31,PLB
34,A3,PARKED,C32,PLB
34,A4,SCHEDULED,,
34,A5,SCHEDULED,,
34,A6,SCHEDULED,,
34,A7,SCHEDULED,,
34,A8,SCHEDULED,,
34,A9,SCHEDULED,,
34,A10,SCHEDULED,,
35,A1,PARKED,C30,PLB
35,A2,PARKED,C31,PLB
35,A3,PARKED,C32,PLB
35,A4,SCHEDULED,,
35,A5,SCHEDULED,,
35,A6,SCHEDULED,,
35,A7,SCHEDULED,,
35,A8,SCHEDULED,,
35,A9,SCHEDULED,,
35,A10,SCHEDULED,,
36,A1,PARKED,C30,PLB
36,A2,PARKED,C31,PLB
36,A3,PARKED,C32,PLB
36,A4,SCHEDULED,,
36,A5,SCHEDULED,,
36,A6,SCHEDULED,,
36,A7,SCHEDULED,,
36,A8,SCHEDULED,,
36,A9,SCHEDULED,,
36,A10,SCHEDULED,,
37,A1,PARKED,C30,PLB
37,A2,PARKED,C31,PLB
37,A3,PARKED,C32,PLB
37,A4,SCHEDULED,,
37,A5,SCHEDULED,,
37,A6,SCHEDULED,,
37,A7,SCHEDULED,,
37,A8,SCHEDULED,,
37,A9,SCHEDULED,,
37,A10,SCHEDULED,,
38,A1,PARKED,C30,PLB
38,A2,PARKED,C31,PLB
38,A3,PARKED,C32,PLB
38,A4,SCHEDULED,,
38,A5,SCHEDULED,,
38,A6,SCHEDULED,,
38,A7,SCHEDULED,,
38,A8,SCHEDULED,,
38,A9,SCHEDULED,,
38,A10,SCHEDULED,,
39,A1,PARKED,C30,PLB
39,A2,PARKED,C31,PLB
39,A3,PARKED,C32,PLB
39,A4,SCHEDULED,,
39,A5,SCHEDULED,,
39,A6,SCHEDULED,,
39,A7,SCHEDULED,,
39,A8,SCHEDULED,,
39,A9,SCHEDULED,,
39,A10,SCHEDULED,,
40,A1,PARKED,C30,PLB
40,A2,PARKED,C31,PLB
40,A3,PARKED,C32,PLB
40,A4,SCHEDULED,,
40,A5,SCHEDULED,,
40,A6,SCHEDULED,,
40,A7,SCHEDULED,,
40,A8,SCHEDULED,,
40,A9,SCHEDULED,,
40,A10,SCHEDULED,,
41,A1,PARKED,C30,PLB
41,A2,PARKED,C31,PLB
41,A3,PARKED,C32,PLB
41,A4,PARKED,C33,PLB
41,A5,SCHEDULED,,
41,A6,SCHEDULED,,
41,A7,SCHEDULED,,
41,A8,SCHEDULED,,
41,A9,SCHEDULED,,
41,A10,SCHEDULED,,
42,A1,PARKED,C30,PLB
42,A2,PARKED,C31,PLB
42,A3,PARKED,C32,PLB
42,A4,PARKED,C33,PLB
42,A5,SCHEDULED,,
42,A6,SCHEDULED,,
42,A7,SCHEDULED,,
42,A8,SCHEDULED,,
42,A9,SCHEDULED,,
42,A10,SCHEDULED,,
43,A1,PARKED,C30,PLB
43,A2,PARKED,C31,PLB
43,A3,PARKED,C32,PLB
43,A4,PARKED,C33,PLB
43,A5,SCHEDULED,,
43,A6,SCHEDULED,,
43,A7,SCHEDULED,,
43,A8,SCHEDULED,,
43,A9,SCHEDULED,,
43,A10,SCHEDULED,,
44,A1,PARKED,C30,PLB
44,A2,PARKED,C31,PLB
44,A3,PARKED,C32,PLB
44,A4,PARKED,C33,PLB
44,A5,SCHEDULED,,
44,A6,SCHEDULED,,
44,A7,SCHEDULED,,
44,A8,SCHEDULED,,
44,A9,SCHEDULED,,
44,A10,SCHEDULED,,
45,A1,PARKED,C30,PLB
45,A2,PARKED,C31,PLB
45,A3,PARKED,C32,PLB
45,A4,PARKED,C33,PLB
45,A5,SCHEDULED,,
45,A6,SCHEDULED,,
45,A7,SCHEDULED,,
45,A8,SCHEDULED,,
45,A9,SCHEDULED,,
45,A10,SCHEDULED,,
46,A1,DEPARTED,C30,PLB
46,A2,PARKED,C31,PLB
46,A3,PARKED,C32,PLB
46,A4,PARKED,C33,PLB
46,A5,SCHEDULED,,
46,A6,SCHEDULED,,
46,A7,SCHEDULED,,
46,A8,SCHEDULED,,
46,A9,SCHEDULED,,
46,A10,SCHEDULED,,
47,A1,DEPARTED,C30,PLB
47,A2,PARKED,C31,PLB
47,A3,PARKED,C32,PLB
47,A4,PARKED,C33,PLB
47,A5,SCHEDULED,,
47,A6,SCHEDULED,,
47,A7,SCHEDULED,,
47,A8,SCHEDULED,,
47,A9,SCHEDULED,,
47,A10,SCHEDULED,,
48,A1,DEPARTED,C30,PLB
48,A2,PARKED,C31,PLB
48,A3,PARKED,C32,PLB
48,A4,PARKED,C33,PLB
48,A5,SCHEDULED,,
48,A6,SCHEDULED,,
48,A7,SCHEDULED,,
48,A8,SCHEDULED,,
48,A9,SCHEDULED,,
48,A10,SCHEDULED,,
49,A1,DEPARTED,C30,PLB
49,A2,PARKED,C31,PLB
49,A3,PARKED,C32,PLB
49,A4,PARKED,C33,PLB
49,A5,SCHEDULED,,
49,A6,SCHEDULED,,
49,A7,SCHEDULED,,
49,A8,SCHEDULED,,
49,A9,SCHEDULED,,
49,A10,SCHEDULED,,
50,A1,DEPARTED,C30,PLB
50,A2,PARKED,C31,PLB
50,A3,PARKED,C32,PLB
50,A4,PARKED,C33,PLB
50,A5,SCHEDULED,,
50,A6,SCHEDULED,,
50,A7,SCHEDULED,,
50,A8,SCHEDULED,,
50,A9,SCHEDULED,,
50,A10,SCHEDULED,,
51,A1,DEPARTED,C30,PLB
51,A2,PARKED,C31,PLB
51,A3,PARKED,C32,PLB
51,A4,PARKED,C33,PLB
51,A5,SCHEDULED,,
51,A6,SCHEDULED,,
51,A7,SCHEDULED,,
51,A8,SCHEDULED,,
51,A9,SCHEDULED,,
51,A10,SCHEDULED,,
52,A1,DEPARTED,C30,PLB
52,A2,PARKED,C31,PLB
52,A3,PARKED,C32,PLB
52,A4,PARKED,C33,PLB
52,A5,SCHEDULED,,
52,A6,SCHEDULED,,
52,A7,SCHEDULED,,
52,A8,SCHEDULED,,
52,A9,SCHEDULED,,
52,A10,SCHEDULED,,
53,A1,DEPARTED,C30,PLB
53,A2,PARKED,C31,PLB
53,A3,PARKED,C32,PLB
53,A4,PARKED,C33,PLB
53,A5,SCHEDULED,,
53,A6,SCHEDULED,,
53,A7,SCHEDULED,,
53,A8,SCHEDULED,,
53,A9,SCHEDULED,,
53,A10,SCHEDULED,,
54,A1,DEPARTED,C30,PLB
54,A2,PARKED,C31,PLB
54,A3,PARKED,C32,PLB
54,A4,PARKED,C33,PLB
54,A5,SCHEDULED,,
54,A6,SCHEDULED,,
54,A7,SCHEDULED,,
54,A8,SCHEDULED,,
54,A9,SCHEDULED,,
54,A10,SCHEDULED,,
55,A1,DEPARTED,C30,PLB
55,A2,PARKED,C31,PLB
55,A3,PARKED,C32,PLB
55,A4,PARKED,C33,PLB
55,A5,SCHEDULED,,
55,A6,SCHEDULED,,
55,A7,SCHEDULED,,
55,A8,SCHEDULED,,
55,A9,SCHEDULED,,
55,A10,SCHEDULED,,
56,A1,DEPARTED,C30,PLB
56,A2,PARKED,C31,PLB
56,A3,DEPARTED,C32,PLB
56,A4,PARKED,C33,PLB
56,A5,PARKED,C30,PLB
56,A6,SCHEDULED,,
56,A7,SCHEDULED,,
56,A8,SCHEDULED,,
56,A9,SCHEDULED,,
56,A10,SCHEDULED,,
57,A1,DEPARTED,C30,PLB
57,A2,PARKED,C31,PLB
57,A3,DEPARTED,C32,PLB
57,A4,PARKED,C33,PLB
57,A5,PARKED,C30,PLB
57,A6,SCHEDULED,,
57,A7,SCHEDULED,,
57,A8,SCHEDULED,,
57,A9,SCHEDULED,,
57,A10,SCHEDULED,,
58,A1,DEPARTED,C30,PLB
58,A2,PARKED,C31,PLB
58,A3,DEPARTED,C32,PLB
58,A4,PARKED,C33,PLB
58,A5,PARKED,C30,PLB
58,A6,SCHEDULED,,
58,A7,SCHEDULED,,
58,A8,SCHEDULED,,
58,A9,SCHEDULED,,
58,A10,SCHEDULED,,
59,A1,DEPARTED,C30,PLB
59,A2,PARKED,C31,PLB
59,A3,DEPARTED,C32,PLB
59,A4,PARKED,C33,PLB
59,A5,PARKED,C30,PLB
59,A6,SCHEDULED,,
59,A7,SCHEDULED,,
59,A8,SCHEDULED,,
59,A9,SCHEDULED,,
59,A10,SCHEDULED,,
60,A1,DEPARTED,C30,PLB
60,A2,PARKED,C31,PLB
60,A3,DEPARTED,C32,PLB
60,A4,PARKED,C33,PLB
60,A5,PARKED,C30,PLB
60,A6,SCHEDULED,,
60,A7,SCHEDULED,,
60,A8,SCHEDULED,,
60,A9,SCHEDULED,,
60,A10,SCHEDULED,,
61,A1,DEPARTED,C30,PLB
61,A2,PARKED,C31,PLB
61,A3,DEPARTED,C32,PLB
61,A4,PARKED,C33,PLB
61,A5,PARKED,C30,PLB
61,A6,SCHEDULED,,
61,A7,SCHEDULED,,
61,A8,SCHEDULED,,
61,A9,SCHEDULED,,
61,A10,SCHEDULED,,
62,A1,DEPARTED,C30,PLB
62,A2,PARKED,C31,PLB
62,A3,DEPARTED,C32,PLB
62,A4,PARKED,C33,PLB
62,A5,PARKED,C30,PLB
62,A6,SCHEDULED,,
62,A7,SCHEDULED,,
62,A8,SCHEDULED,,
62,A9,SCHEDULED,,
62,A10,SCHEDULED,,
63,A1,DEPARTED,C30,PLB
63,A2,PARKED,C31,PLB
63,A3,DEPARTED,C32,PLB
63,A4,PARKED,C33,PLB
63,A5,PARKED,C30,PLB
63,A6,SCHEDULED,,
63,A7,SCHEDULED,,
63,A8,SCHEDULED,,
63,A9,SCHEDULED,,
63,A10,SCHEDULED,,
64,A1,DEPARTED,C30,PLB
64,A2,PARKED,C31,PLB
64,A3,DEPARTED,C32,PLB
64,A4,PARKED,C33,PLB
64,A5,PARKED,C30,PLB
64,A6,SCHEDULED,,
64,A7,SCHEDULED,,
64,A8,SCHEDULED,,
64,A9,SCHEDULED,,
64,A10,SCHEDULED,,
65,A1,DEPARTED,C30,PLB
65,A2,PARKED,C31,PLB
65,A3,DEPARTED,C32,PLB
65,A4,PARKED,C33,PLB
65,A5,PARKED,C30,PLB
65,A6,SCHEDULED,,
65,A7,SCHEDULED,,
65,A8,SCHEDULED,,
65,A9,SCHEDULED,,
65,A10,SCHEDULED,,
66,A1,DEPARTED,C30,PLB
66,A2,PARKED,C31,PLB
66,A3,DEPARTED,C32,PLB
66,A4,PARKED,C33,PLB
66,A5,PARKED,C30,PLB
66,A6,SCHEDULED,,
66,A7,SCHEDULED,,
66,A8,SCHEDULED,,
66,A9,SCHEDULED,,
66,A10,SCHEDULED,,
67,A1,DEPARTED,C30,PLB
67,A2,PARKED,C31,PLB
67,A3,DEPARTED,C32,PLB
67,A4,PARKED,C33,PLB
67,A5,PARKED,C30,PLB
67,A6,SCHEDULED,,
67,A7,SCHEDULED,,
67,A8,SCHEDULED,,
67,A9,SCHEDULED,,
67,A10,SCHEDULED,,
68,A1,DEPARTED,C30,PLB
68,A2,PARKED,C31,PLB
68,A3,DEPARTED,C32,PLB
68,A4,PARKED,C33,PLB
68,A5,PARKED,C30,PLB
68,A6,SCHEDULED,,
68,A7,SCHEDULED,,
68,A8,SCHEDULED,,
68,A9,SCHEDULED,,
68,A10,SCHEDULED,,
69,A1,DEPARTED,C30,PLB
69,A2,PARKED,C31,PLB
69,A3,DEPARTED,C32,PLB
69,A4,PARKED,C33,PLB
69,A5,PARKED,C30,PLB
69,A6,SCHEDULED,,
69,A7,SCHEDULED,,
69,A8,SCHEDULED,,
69,A9,SCHEDULED,,
69,A10,SCHEDULED,,
70,A1,DEPARTED,C30,PLB
70,A2,PARKED,C31,PLB
70,A3,DEPARTED,C32,PLB
70,A4,PARKED,C33,PLB
70,A5,PARKED,C30,PLB
70,A6,SCHEDULED,,
70,A7,SCHEDULED,,
70,A8,SCHEDULED,,
70,A9,SCHEDULED,,
70,A10,SCHEDULED,,
71,A1,DEPARTED,C30,PLB
71,A2,DEPARTED,C31,PLB
71,A3,DEPARTED,C32,PLB
71,A4,PARKED,C33,PLB
71,A5,PARKED,C30,PLB
71,A6,SCHEDULED,,
71,A7,SCHEDULED,,
71,A8,SCHEDULED,,
71,A9,SCHEDULED,,
71,A10,SCHEDULED,,
72,A1,DEPARTED,C30,PLB
72,A2,DEPARTED,C31,PLB
72,A3,DEPARTED,C32,PLB
72,A4,PARKED,C33,PLB
72,A5,PARKED,C30,PLB
72,A6,SCHEDULED,,
72,A7,SCHEDULED,,
72,A8,SCHEDULED,,
72,A9,SCHEDULED,,
72,A10,SCHEDULED,,
73,A1,DEPARTED,C30,PLB
73,A2,DEPARTED,C31,PLB
73,A3,DEPARTED,C32,PLB
73,A4,PARKED,C33,PLB
73,A5,PARKED,C30,PLB
73,A6,SCHEDULED,,
73,A7,SCHEDULED,,
73,A8,SCHEDULED,,
73,A9,SCHEDULED,,
73,A10,SCHEDULED,,
74,A1,DEPARTED,C30,PLB
74,A2,DEPARTED,C31,PLB
74,A3,DEPARTED,C32,PLB
74,A4,PARKED,C33,PLB
74,A5,PARKED,C30,PLB
74,A6,SCHEDULED,,
74,A7,SCHEDULED,,
74,A8,SCHEDULED,,
74,A9,SCHEDULED,,
74,A10,SCHEDULED,,
75,A1,DEPARTED,C30,PLB
75,A2,DEPARTED,C31,PLB
75,A3,DEPARTED,C32,PLB
75,A4,PARKED,C33,PLB
75,A5,PARKED,C30,PLB
75,A6,SCHEDULED,,
75,A7,SCHEDULED,,
75,A8,SCHEDULED,,
75,A9,SCHEDULED,,
75,A10,SCHEDULED,,
76,A1,DEPARTED,C30,PLB
76,A2,DEPARTED,C31,PLB
76,A3,DEPARTED,C32,PLB
76,A4,PARKED,C33,PLB
76,A5,PARKED,C30,PLB
76,A6,SCHEDULED,,
76,A7,SCHEDULED,,
76,A8,SCHEDULED,,
76,A9,SCHEDULED,,
76,A10,SCHEDULED,,
77,A1,DEPARTED,C30,PLB
77,A2,DEPARTED,C31,PLB
77,A3,DEPARTED,C32,PLB
77,A4,PARKED,C33,PLB
77,A5,PARKED,C30,PLB
77,A6,SCHEDULED,,
77,A7,SCHEDULED,,
77,A8,SCHEDULED,,
77,A9,SCHEDULED,,
77,A10,SCHEDULED,,
78,A1,DEPARTED,C30,PLB
78,A2,DEPARTED,C31,PLB
78,A3,DEPARTED,C32,PLB
78,A4,PARKED,C33,PLB
78,A5,PARKED,C30,PLB
78,A6,SCHEDULED,,
78,A7,SCHEDULED,,
78,A8,SCHEDULED,,
78,A9,SCHEDULED,,
78,A10,SCHEDULED,,
79,A1,DEPARTED,C30,PLB
79,A2,DEPARTED,C31,PLB
79,A3,DEPARTED,C32,PLB
79,A4,PARKED,C33,PLB
79,A5,PARKED,C30,PLB
79,A6,SCHEDULED,,
79,A7,SCHEDULED,,
79,A8,SCHEDULED,,
79,A9,SCHEDULED,,
79,A10,SCHEDULED,,
80,A1,DEPARTED,C30,PLB
80,A2,DEPARTED,C31,PLB
80,A3,DEPARTED,C32,PLB
80,A4,PARKED,C33,PLB
80,A5,PARKED,C30,PLB
80,A6,SCHEDULED,,
80,A7,SCHEDULED,,
80,A8,SCHEDULED,,
80,A9,SCHEDULED,,
80,A10,SCHEDULED,,
81,A1,DEPARTED,C30,PLB
81,A2,DEPARTED,C31,PLB
81,A3,DEPARTED,C32,PLB
81,A4,PARKED,C33,PLB
81,A5,PARKED,C30,PLB
81,A6,PARKED,C31,PLB
81,A7,SCHEDULED,,
81,A8,SCHEDULED,,
81,A9,SCHEDULED,,
81,A10,SCHEDULED,,
82,A1,DEPARTED,C30,PLB
82,A2,DEPARTED,C31,PLB
82,A3,DEPARTED,C32,PLB
82,A4,PARKED,C33,PLB
82,A5,PARKED,C30,PLB
82,A6,PARKED,C31,PLB
82,A7,SCHEDULED,,
82,A8,SCHEDULED,,
82,A9,SCHEDULED,,
82,A10,SCHEDULED,,
83,A1,DEPARTED,C30,PLB
83,A2,DEPARTED,C31,PLB
83,A3,DEPARTED,C32,PLB
83,A4,PARKED,C33,PLB
83,A5,PARKED,C30,PLB
83,A6,PARKED,C31,PLB
83,A7,SCHEDULED,,
83,A8,SCHEDULED,,
83,A9,SCHEDULED,,
83,A10,SCHEDULED,,
84,A1,DEPARTED,C30,PLB
84,A2,DEPARTED,C31,PLB
84,A3,DEPARTED,C32,PLB
84,A4,PARKED,C33,PLB
84,A5,PARKED,C30,PLB
84,A6,PARKED,C31,PLB
84,A7,SCHEDULED,,
84,A8,SCHEDULED,,
84,A9,SCHEDULED,,
84,A10,SCHEDULED,,
85,A1,DEPARTED,C30,PLB
85,A2,DEPARTED,C31,PLB
85,A3,DEPARTED,C32,PLB
85,A4,PARKED,C33,PLB
85,A5,PARKED,C30,PLB
85,A6,PARKED,C31,PLB
85,A7,SCHEDULED,,
85,A8,SCHEDULED,,
85,A9,SCHEDULED,,
85,A10,SCHEDULED,,
86,A1,DEPARTED,C30,PLB
86,A2,DEPARTED,C31,PLB
86,A3,DEPARTED,C32,PLB
86,A4,PARKED,C33,PLB
86,A5,PARKED,C30,PLB
86,A6,PARKED,C31,PLB
86,A7,SCHEDULED,,
86,A8,SCHEDULED,,
86,A9,SCHEDULED,,
86,A10,SCHEDULED,,
87,A1,DEPARTED,C30,PLB
87,A2,DEPARTED,C31,PLB
87,A3,DEPARTED,C32,PLB
87,A4,PARKED,C33,PLB
87,A5,PARKED,C30,PLB
87,A6,PARKED,C31,PLB
87,A7,SCHEDULED,,
87,A8,SCHEDULED,,
87,A9,SCHEDULED,,
87,A10,SCHEDULED,,
88,A1,DEPARTED,C30,PLB
88,A2,DEPARTED,C31,PLB
88,A3,DEPARTED,C32,PLB
88,A4,PARKED,C33,PLB
88,A5,PARKED,C30,PLB
88,A6,PARKED,C31,PLB
88,A7,SCHEDULED,,
88,A8,SCHEDULED,,
88,A9,SCHEDULED,,
88,A10,SCHEDULED,,
89,A1,DEPARTED,C30,PLB
89,A2,DEPARTED,C31,PLB
89,A3,DEPARTED,C32,PLB
89,A4,PARKED,C33,PLB
89,A5,PARKED,C30,PLB
89,A6,PARKED,C31,PLB
89,A7,SCHEDULED,,
89,A8,SCHEDULED,,
89,A9,SCHEDULED,,
89,A10,SCHEDULED,,
90,A1,DEPARTED,C30,PLB
90,A2,DEPARTED,C31,PLB
90,A3,DEPARTED,C32,PLB
90,A4,PARKED,C33,PLB
90,A5,PARKED,C30,PLB
90,A6,PARKED,C31,PLB
90,A7,SCHEDULED,,
90,A8,SCHEDULED,,
90,A9,SCHEDULED,,
90,A10,SCHEDULED,,
91,A1,DEPARTED,C30,PLB
91,A2,DEPARTED,C31,PLB
91,A3,DEPARTED,C32,PLB
91,A4,PARKED,C33,PLB
91,A5,PARKED,C30,PLB
91,A6,PARKED,C31,PLB
91,A7,SCHEDULED,,
91,A8,SCHEDULED,,
91,A9,SCHEDULED,,
91,A10,SCHEDULED,,
92,A1,DEPARTED,C30,PLB
92,A2,DEPARTED,C31,PLB
92,A3,DEPARTED,C32,PLB
92,A4,PARKED,C33,PLB
92,A5,PARKED,C30,PLB
92,A6,PARKED,C31,PLB
92,A7,SCHEDULED,,
92,A8,SCHEDULED,,
92,A9,SCHEDULED,,
92,A10,SCHEDULED,,
93,A1,DEPARTED,C30,PLB
93,A2,DEPARTED,C31,PLB
93,A3,DEPARTED,C32,PLB
93,A4,PARKED,C33,PLB
93,A5,PARKED,C30,PLB
93,A6,PARKED,C31,PLB
93,A7,SCHEDULED,,
93,A8,SCHEDULED,,
93,A9,SCHEDULED,,
93,A10,SCHEDULED,,
94,A1,DEPARTED,C30,PLB
94,A2,DEPARTED,C31,PLB
94,A3,DEPARTED,C32,PLB
94,A4,PARKED,C33,PLB
94,A5,PARKED,C30,PLB
94,A6,PARKED,C31,PLB
94,A7,SCHEDULED,,
94,A8,SCHEDULED,,
94,A9,SCHEDULED,,
94,A10,SCHEDULED,,
95,A1,DEPARTED,C30,PLB
95,A2,DEPARTED,C31,PLB
95,A3,DEPARTED,C32,PLB
95,A4,PARKED,C33,PLB
95,A5,PARKED,C30,PLB
95,A6,PARKED,C31,PLB
95,A7,SCHEDULED,,
95,A8,SCHEDULED,,
95,A9,SCHEDULED,,
95,A10,SCHEDULED,,
96,A1,DEPARTED,C30,PLB
96,A2,DEPARTED,C31,PLB
96,A3,DEPARTED,C32,PLB
96,A4,PARKED,C33,PLB
96,A5,PARKED,C30,PLB
96,A6,PARKED,C31,PLB
96,A7,SCHEDULED,,
96,A8,SCHEDULED,,
96,A9,SCHEDULED,,
96,A10,SCHEDULED,,
97,A1,DEPARTED,C30,PLB
97,A2,DEPARTED,C31,PLB
97,A3,DEPARTED,C32,PLB
97,A4,PARKED,C33,PLB
97,A5,PARKED,C30,PLB
97,A6,PARKED,C31,PLB
97,A7,SCHEDULED,,
97,A8,SCHEDULED,,
97,A9,SCHEDULED,,
97,A10,SCHEDULED,,
98,A1,DEPARTED,C30,PLB
98,A2,DEPARTED,C31,PLB
98,A3,DEPARTED,C32,PLB
98,A4,PARKED,C33,PLB
98,A5,PARKED,C30,PLB
98,A6,PARKED,C31,PLB
98,A7,SCHEDULED,,
98,A8,SCHEDULED,,
98,A9,SCHEDULED,,
98,A10,SCHEDULED,,
99,A1,DEPARTED,C30,PLB
99,A2,DEPARTED,C31,PLB
99,A3,DEPARTED,C32,PLB
99,A4,PARKED,C33,PLB
99,A5,PARKED,C30,PLB
99,A6,PARKED,C31,PLB
99,A7,SCHEDULED,,
99,A8,SCHEDULED,,
99,A9,SCHEDULED,,
99,A10,SCHEDULED,,
100,A1,DEPARTED,C30,PLB
100,A2,DEPARTED,C31,PLB
100,A3,DEPARTED,C32,PLB
100,A4,PARKED,C33,PLB
100,A5,PARKED,C30,PLB
100,A6,PARKED,C31,PLB
100,A7,SCHEDULED,,
100,A8,SCHEDULED,,
100,A9,SCHEDULED,,
100,A10,SCHEDULED,,
101,A1,DEPARTED,C30,PLB
101,A2,DEPARTED,C31,PLB
101,A3,DEPARTED,C32,PLB
101,A4,PARKED,C33,PLB
101,A5,PARKED,C30,PLB
101,A6,PARKED,C31,PLB
101,A7,SCHEDULED,,
101,A8,SCHEDULED,,
101,A9,SCHEDULED,,
101,A10,SCHEDULED,,
102,A1,DEPARTED,C30,PLB
102,A2,DEPARTED,C31,PLB
102,A3,DEPARTED,C32,PLB
102,A4,PARKED,C33,PLB
102,A5,PARKED,C30,PLB
102,A6,PARKED,C31,PLB
102,A7,SCHEDULED,,
102,A8,SCHEDULED,,
102,A9,SCHEDULED,,
102,A10,SCHEDULED,,
103,A1,DEPARTED,C30,PLB
103,A2,DEPARTED,C31,PLB
103,A3,DEPARTED,C32,PLB
103,A4,PARKED,C33,PLB
103,A5,PARKED,C30,PLB
103,A6,PARKED,C31,PLB
103,A7,SCHEDULED,,
103,A8,SCHEDULED,,
103,A9,SCHEDULED,,
103,A10,SCHEDULED,,
104,A1,DEPARTED,C30,PLB
104,A2,DEPARTED,C31,PLB
104,A3,DEPARTED,C32,PLB
104,A4,PARKED,C33,PLB
104,A5,PARKED,C30,PLB
104,A6,PARKED,C31,PLB
104,A7,SCHEDULED,,
104,A8,SCHEDULED,,
104,A9,SCHEDULED,,
104,A10,SCHEDULED,,
105,A1,DEPARTED,C30,PLB
105,A2,DEPARTED,C31,PLB
105,A3,DEPARTED,C32,PLB
105,A4,PARKED,C33,PLB
105,A5,PARKED,C30,PLB
105,A6,PARKED,C31,PLB
105,A7,SCHEDULED,,
105,A8,SCHEDULED,,
105,A9,SCHEDULED,,
105,A10,SCHEDULED,,
106,A1,DEPARTED,C30,PLB
106,A2,DEPARTED,C31,PLB
106,A3,DEPARTED,C32,PLB
106,A4,PARKED,C33,PLB
106,A5,DEPARTED,C30,PLB
106,A6,PARKED,C31,PLB
106,A7,SCHEDULED,,
106,A8,SCHEDULED,,
106,A9,SCHEDULED,,
106,A10,SCHEDULED,,
107,A1,DEPARTED,C30,PLB
107,A2,DEPARTED,C31,PLB
107,A3,DEPARTED,C32,PLB
107,A4,PARKED,C33,PLB
107,A5,DEPARTED,C30,PLB
107,A6,PARKED,C31,PLB
107,A7,SCHEDULED,,
107,A8,SCHEDULED,,
107,A9,SCHEDULED,,
107,A10,SCHEDULED,,
108,A1,DEPARTED,C30,PLB
108,A2,DEPARTED,C31,PLB
108,A3,DEPARTED,C32,PLB
108,A4,PARKED,C33,PLB
108,A5,DEPARTED,C30,PLB
108,A6,PARKED,C31,PLB
108,A7,SCHEDULED,,
108,A8,SCHEDULED,,
108,A9,SCHEDULED,,
108,A10,SCHEDULED,,
109,A1,DEPARTED,C30,PLB
109,A2,DEPARTED,C31,PLB
109,A3,DEPARTED,C32,PLB
109,A4,PARKED,C33,PLB
109,A5,DEPARTED,C30,PLB
109,A6,PARKED,C31,PLB
109,A7,SCHEDULED,,
109,A8,SCHEDULED,,
109,A9,SCHEDULED,,
109,A10,SCHEDULED,,
110,A1,DEPARTED,C30,PLB
110,A2,DEPARTED,C31,PLB
110,A3,DEPARTED,C32,PLB
110,A4,PARKED,C33,PLB
110,A5,DEPARTED,C30,PLB
110,A6,PARKED,C31,PLB
110,A7,SCHEDULED,,
110,A8,SCHEDULED,,
110,A9,SCHEDULED,,
110,A10,SCHEDULED,,
111,A1,DEPARTED,C30,PLB
111,A2,DEPARTED,C31,PLB
111,A3,DEPARTED,C32,PLB
111,A4,PARKED,C33,PLB
111,A5,DEPARTED,C30,PLB
111,A6,PARKED,C31,PLB
111,A7,SCHEDULED,,
111,A8,SCHEDULED,,
111,A9,SCHEDULED,,
111,A10,SCHEDULED,,
112,A1,DEPARTED,C30,PLB
112,A2,DEPARTED,C31,PLB
112,A3,DEPARTED,C32,PLB
112,A4,PARKED,C33,PLB
112,A5,DEPARTED,C30,PLB
112,A6,PARKED,C31,PLB
112,A7,SCHEDULED,,
112,A8,SCHEDULED,,
112,A9,SCHEDULED,,
112,A10,SCHEDULED,,
113,A1,DEPARTED,C30,PLB
113,A2,DEPARTED,C31,PLB
113,A3,DEPARTED,C32,PLB
113,A4,PARKED,C33,PLB
113,A5,DEPARTED,C30,PLB
113,A6,PARKED,C31,PLB
113,A7,SCHEDULED,,
113,A8,SCHEDULED,,
113,A9,SCHEDULED,,
113,A10,SCHEDULED,,
114,A1,DEPARTED,C30,PLB
114,A2,DEPARTED,C31,PLB
114,A3,DEPARTED,C32,PLB
114,A4,PARKED,C33,PLB
114,A5,DEPARTED,C30,PLB
114,A6,PARKED,C31,PLB
114,A7,SCHEDULED,,
114,A8,SCHEDULED,,
114,A9,SCHEDULED,,
114,A10,SCHEDULED,,
115,A1,DEPARTED,C30,PLB
115,A2,DEPARTED,C31,PLB
115,A3,DEPARTED,C32,PLB
115,A4,PARKED,C33,PLB
115,A5,DEPARTED,C30,PLB
115,A6,PARKED,C31,PLB
115,A7,SCHEDULED,,
115,A8,SCHEDULED,,
115,A9,SCHEDULED,,
115,A10,SCHEDULED,,
116,A1,DEPARTED,C30,PLB
116,A2,DEPARTED,C31,PLB
116,A3,DEPARTED,C32,PLB
116,A4,PARKED,C33,PLB
116,A5,DEPARTED,C30,PLB
116,A6,PARKED,C31,PLB
116,A7,SCHEDULED,,
116,A8,SCHEDULED,,
116,A9,SCHEDULED,,
116,A10,SCHEDULED,,
117,A1,DEPARTED,C30,PLB
117,A2,DEPARTED,C31,PLB
117,A3,DEPARTED,C32,PLB
117,A4,PARKED,C33,PLB
117,A5,DEPARTED,C30,PLB
117,A6,PARKED,C31,PLB
117,A7,SCHEDULED,,
117,A8,SCHEDULED,,
117,A9,SCHEDULED,,
117,A10,SCHEDULED,,
118,A1,DEPARTED,C30,PLB
118,A2,DEPARTED,C31,PLB
118,A3,DEPARTED,C32,PLB
118,A4,PARKED,C33,PLB
118,A5,DEPARTED,C30,PLB
118,A6,PARKED,C31,PLB
118,A7,SCHEDULED,,
118,A8,SCHEDULED,,
118,A9,SCHEDULED,,
118,A10,SCHEDULED,,
119,A1,DEPARTED,C30,PLB
119,A2,DEPARTED,C31,PLB
119,A3,DEPARTED,C32,PLB
119,A4,PARKED,C33,PLB
119,A5,DEPARTED,C30,PLB
119,A6,PARKED,C31,PLB
119,A7,SCHEDULED,,
119,A8,SCHEDULED,,
119,A9,SCHEDULED,,
119,A10,SCHEDULED,,
120,A1,DEPARTED,C30,PLB
120,A2,DEPARTED,C31,PLB
120,A3,DEPARTED,C32,PLB
120,A4,PARKED,C33,PLB
120,A5,DEPARTED,C30,PLB
120,A6,PARKED,C31,PLB
120,A7,SCHEDULED,,
120,A8,SCHEDULED,,
120,A9,SCHEDULED,,
120,A10,SCHEDULED,,
121,A1,DEPARTED,C30,PLB
121,A2,DEPARTED,C31,PLB
121,A3,DEPARTED,C32,PLB
121,A4,PARKED,C33,PLB
121,A5,DEPARTED,C30,PLB
121,A6,DEPARTED,C31,PLB
121,A7,PARKED,C30,PLB
121,A8,SCHEDULED,,
121,A9,SCHEDULED,,
121,A10,SCHEDULED,,
122,A1,DEPARTED,C30,PLB
122,A2,DEPARTED,C31,PLB
122,A3,DEPARTED,C32,PLB
122,A4,PARKED,C33,PLB
122,A5,DEPARTED,C30,PLB
122,A6,DEPARTED,C31,PLB
122,A7,PARKED,C30,PLB
122,A8,SCHEDULED,,
122,A9,SCHEDULED,,
122,A10,SCHEDULED,,
123,A1,DEPARTED,C30,PLB
123,A2,DEPARTED,C31,PLB
123,A3,DEPARTED,C32,PLB
123,A4,PARKED,C33,PLB
123,A5,DEPARTED,C30,PLB
123,A6,DEPARTED,C31,PLB
123,A7,PARKED,C30,PLB
123,A8,SCHEDULED,,
123,A9,SCHEDULED,,
123,A10,SCHEDULED,,
124,A1,DEPARTED,C30,PLB
124,A2,DEPARTED,C31,PLB
124,A3,DEPARTED,C32,PLB
124,A4,PARKED,C33,PLB
124,A5,DEPARTED,C30,PLB
124,A6,DEPARTED,C31,PLB
124,A7,PARKED,C30,PLB
124,A8,SCHEDULED,,
124,A9,SCHEDULED,,
124,A10,SCHEDULED,,
125,A1,DEPARTED,C30,PLB
125,A2,DEPARTED,C31,PLB
125,A3,DEPARTED,C32,PLB
125,A4,PARKED,C33,PLB
125,A5,DEPARTED,C30,PLB
125,A6,DEPARTED,C31,PLB
125,A7,PARKED,C30,PLB
125,A8,SCHEDULED,,
125,A9,SCHEDULED,,
125,A10,SCHEDULED,,
126,A1,DEPARTED,C30,PLB
126,A2,DEPARTED,C31,PLB
126,A3,DEPARTED,C32,PLB
126,A4,PARKED,C33,PLB
126,A5,DEPARTED,C30,PLB
126,A6,DEPARTED,C31,PLB
126,A7,PARKED,C30,PLB
126,A8,SCHEDULED,,
126,A9,SCHEDULED,,
126,A10,SCHEDULED,,
127,A1,DEPARTED,C30,PLB
127,A2,DEPARTED,C31,PLB
127,A3,DEPARTED,C32,PLB
127,A4,PARKED,C33,PLB
127,A5,DEPARTED,C30,PLB
127,A6,DEPARTED,C31,PLB
127,A7,PARKED,C30,PLB
127,A8,SCHEDULED,,
127,A9,SCHEDULED,,
127,A10,SCHEDULED,,
128,A1,DEPARTED,C30,PLB
128,A2,DEPARTED,C31,PLB
128,A3,DEPARTED,C32,PLB
128,A4,PARKED,C33,PLB
128,A5,DEPARTED,C30,PLB
128,A6,DEPARTED,C31,PLB
128,A7,PARKED,C30,PLB
128,A8,SCHEDULED,,
128,A9,SCHEDULED,,
128,A10,SCHEDULED,,
129,A1,DEPARTED,C30,PLB
129,A2,DEPARTED,C31,PLB
129,A3,DEPARTED,C32,PLB
129,A4,PARKED,C33,PLB
129,A5,DEPARTED,C30,PLB
129,A6,DEPARTED,C31,PLB
129,A7,PARKED,C30,PLB
129,A8,SCHEDULED,,
129,A9,SCHEDULED,,
129,A10,SCHEDULED,,
130,A1,DEPARTED,C30,PLB
130,A2,DEPARTED,C31,PLB
130,A3,DEPARTED,C32,PLB
130,A4,PARKED,C33,PLB
130,A5,DEPARTED,C30,PLB
130,A6,DEPARTED,C31,PLB
130,A7,PARKED,C30,PLB
130,A8,SCHEDULED,,
130,A9,SCHEDULED,,
130,A10,SCHEDULED,,
131,A1,DEPARTED,C30,PLB
131,A2,DEPARTED,C31,PLB
131,A3,DEPARTED,C32,PLB
131,A4,DEPARTED,C33,PLB
131,A5,DEPARTED,C30,PLB
131,A6,DEPARTED,C31,PLB
131,A7,PARKED,C30,PLB
131,A8,SCHEDULED,,
131,A9,SCHEDULED,,
131,A10,SCHEDULED,,
132,A1,DEPARTED,C30,PLB
132,A2,DEPARTED,C31,PLB
132,A3,DEPARTED,C32,PLB
132,A4,DEPARTED,C33,PLB
132,A5,DEPARTED,C30,PLB
132,A6,DEPARTED,C31,PLB
132,A7,PARKED,C30,PLB
132,A8,SCHEDULED,,
132,A9,SCHEDULED,,
132,A10,SCHEDULED,,
133,A1,DEPARTED,C30,PLB
133,A2,DEPARTED,C31,PLB
133,A3,DEPARTED,C32,PLB
133,A4,DEPARTED,C33,PLB
133,A5,DEPARTED,C30,PLB
133,A6,DEPARTED,C31,PLB
133,A7,PARKED,C30,PLB
133,A8,SCHEDULED,,
133,A9,SCHEDULED,,
133,A10,SCHEDULED,,
134,A1,DEPARTED,C30,PLB
134,A2,DEPARTED,C31,PLB
134,A3,DEPARTED,C32,PLB
134,A4,DEPARTED,C33,PLB
134,A5,DEPARTED,C30,PLB
134,A6,DEPARTED,C31,PLB
134,A7,PARKED,C30,PLB
134,A8,SCHEDULED,,
134,A9,SCHEDULED,,
134,A10,SCHEDULED,,
135,A1,DEPARTED,C30,PLB
135,A2,DEPARTED,C31,PLB
135,A3,DEPARTED,C32,PLB
135,A4,DEPARTED,C33,PLB
135,A5,DEPARTED,C30,PLB
135,A6,DEPARTED,C31,PLB
135,A7,PARKED,C30,PLB
135,A8,SCHEDULED,,
135,A9,SCHEDULED,,
135,A10,SCHEDULED,,
136,A1,DEPARTED,C30,PLB
136,A2,DEPARTED,C31,PLB
136,A3,DEPARTED,C32,PLB
136,A4,DEPARTED,C33,PLB
136,A5,DEPARTED,C30,PLB
136,A6,DEPARTED,C31,PLB
136,A7,PARKED,C30,PLB
136,A8,SCHEDULED,,
136,A9,SCHEDULED,,
136,A10,SCHEDULED,,
137,A1,DEPARTED,C30,PLB
137,A2,DEPARTED,C31,PLB
137,A3,DEPARTED,C32,PLB
137,A4,DEPARTED,C33,PLB
137,A5,DEPARTED,C30,PLB
137,A6,DEPARTED,C31,PLB
137,A7,PARKED,C30,PLB
137,A8,SCHEDULED,,
137,A9,SCHEDULED,,
137,A10,SCHEDULED,,
138,A1,DEPARTED,C30,PLB
138,A2,DEPARTED,C31,PLB
138,A3,DEPARTED,C32,PLB
138,A4,DEPARTED,C33,PLB
138,A5,DEPARTED,C30,PLB
138,A6,DEPARTED,C31,PLB
138,A7,PARKED,C30,PLB
138,A8,SCHEDULED,,
138,A9,SCHEDULED,,
138,A10,SCHEDULED,,
139,A1,DEPARTED,C30,PLB
139,A2,DEPARTED,C31,PLB
139,A3,DEPARTED,C32,PLB
139,A4,DEPARTED,C33,PLB
139,A5,DEPARTED,C30,PLB
139,A6,DEPARTED,C31,PLB
139,A7,PARKED,C30,PLB
139,A8,SCHEDULED,,
139,A9,SCHEDULED,,
139,A10,SCHEDULED,,
140,A1,DEPARTED,C30,PLB
140,A2,DEPARTED,C31,PLB
140,A3,DEPARTED,C32,PLB
140,A4,DEPARTED,C33,PLB
140,A5,DEPARTED,C30,PLB
140,A6,DEPARTED,C31,PLB
140,A7,PARKED,C30,PLB
140,A8,SCHEDULED,,
140,A9,SCHEDULED,,
140,A10,SCHEDULED,,
141,A1,DEPARTED,C30,PLB
141,A2,DEPARTED,C31,PLB
141,A3,DEPARTED,C32,PLB
141,A4,DEPARTED,C33,PLB
141,A5,DEPARTED,C30,PLB
141,A6,DEPARTED,C31,PLB
141,A7,PARKED,C30,PLB
141,A8,SCHEDULED,,
141,A9,SCHEDULED,,
141,A10,SCHEDULED,,
142,A1,DEPARTED,C30,PLB
142,A2,DEPARTED,C31,PLB
142,A3,DEPARTED,C32,PLB
142,A4,DEPARTED,C33,PLB
142,A5,DEPARTED,C30,PLB
142,A6,DEPARTED,C31,PLB
142,A7,PARKED,C30,PLB
142,A8,SCHEDULED,,
142,A9,SCHEDULED,,
142,A10,SCHEDULED,,
143,A1,DEPARTED,C30,PLB
143,A2,DEPARTED,C31,PLB
143,A3,DEPARTED,C32,PLB
143,A4,DEPARTED,C33,PLB
143,A5,DEPARTED,C30,PLB
143,A6,DEPARTED,C31,PLB
143,A7,PARKED,C30,PLB
143,A8,SCHEDULED,,
143,A9,SCHEDULED,,
143,A10,SCHEDULED,,
144,A1,DEPARTED,C30,PLB
144,A2,DEPARTED,C31,PLB
144,A3,DEPARTED,C32,PLB
144,A4,DEPARTED,C33,PLB
144,A5,DEPARTED,C30,PLB
144,A6,DEPARTED,C31,PLB
144,A7,PARKED,C30,PLB
144,A8,SCHEDULED,,
144,A9,SCHEDULED,,
144,A10,SCHEDULED,,
145,A1,DEPARTED,C30,PLB
145,A2,DEPARTED,C31,PLB
145,A3,DEPARTED,C32,PLB
145,A4,DEPARTED,C33,PLB
145,A5,DEPARTED,C30,PLB
145,A6,DEPARTED,C31,PLB
145,A7,PARKED,C30,PLB
145,A8,SCHEDULED,,
145,A9,SCHEDULED,,
145,A10,SCHEDULED,,
146,A1,DEPARTED,C30,PLB
146,A2,DEPARTED,C31,PLB
146,A3,DEPARTED,C32,PLB
146,A4,DEPARTED,C33,PLB
146,A5,DEPARTED,C30,PLB
146,A6,DEPARTED,C31,PLB
146,A7,PARKED,C30,PLB
146,A8,SCHEDULED,,
146,A9,SCHEDULED,,
146,A10,SCHEDULED,,
147,A1,DEPARTED,C30,PLB
147,A2,DEPARTED,C31,PLB
147,A3,DEPARTED,C32,PLB
147,A4,DEPARTED,C33,PLB
147,A5,DEPARTED,C30,PLB
147,A6,DEPARTED,C31,PLB
147,A7,PARKED,C30,PLB
147,A8,SCHEDULED,,
147,A9,SCHEDULED,,
147,A10,SCHEDULED,,
148,A1,DEPARTED,C30,PLB
148,A2,DEPARTED,C31,PLB
148,A3,DEPARTED,C32,PLB
148,A4,DEPARTED,C33,PLB
148,A5,DEPARTED,C30,PLB
148,A6,DEPARTED,C31,PLB
148,A7,PARKED,C30,PLB
148,A8,SCHEDULED,,
148,A9,SCHEDULED,,
148,A10,SCHEDULED,,
149,A1,DEPARTED,C30,PLB
149,A2,DEPARTED,C31,PLB
149,A3,DEPARTED,C32,PLB
149,A4,DEPARTED,C33,PLB
149,A5,DEPARTED,C30,PLB
149,A6,DEPARTED,C31,PLB
149,A7,PARKED,C30,PLB
149,A8,SCHEDULED,,
149,A9,SCHEDULED,,
149,A10,SCHEDULED,,
150,A1,DEPARTED,C30,PLB
150,A2,DEPARTED,C31,PLB
150,A3,DEPARTED,C32,PLB
150,A4,DEPARTED,C33,PLB
150,A5,DEPARTED,C30,PLB
150,A6,DEPARTED,C31,PLB
150,A7,PARKED,C30,PLB
150,A8,SCHEDULED,,
150,A9,SCHEDULED,,
150,A10,SCHEDULED,,
151,A1,DEPARTED,C30,PLB
151,A2,DEPARTED,C31,PLB
151,A3,DEPARTED,C32,PLB
151,A4,DEPARTED,C33,PLB
151,A5,DEPARTED,C30,PLB
151,A6,DEPARTED,C31,PLB
151,A7,PARKED,C30,PLB
151,A8,PARKED,C31,PLB
151,A9,SCHEDULED,,
151,A10,SCHEDULED,,
152,A1,DEPARTED,C30,PLB
152,A2,DEPARTED,C31,PLB
152,A3,DEPARTED,C32,PLB
152,A4,DEPARTED,C33,PLB
152,A5,DEPARTED,C30,PLB
152,A6,DEPARTED,C31,PLB
152,A7,PARKED,C30,PLB
152,A8,PARKED,C31,PLB
152,A9,SCHEDULED,,
152,A10,SCHEDULED,,
153,A1,DEPARTED,C30,PLB
153,A2,DEPARTED,C31,PLB
153,A3,DEPARTED,C32,PLB
153,A4,DEPARTED,C33,PLB
153,A5,DEPARTED,C30,PLB
153,A6,DEPARTED,C31,PLB
153,A7,PARKED,C30,PLB
153,A8,PARKED,C31,PLB
153,A9,SCHEDULED,,
153,A10,SCHEDULED,,
154,A1,DEPARTED,C30,PLB
154,A2,DEPARTED,C31,PLB
154,A3,DEPARTED,C32,PLB
154,A4,DEPARTED,C33,PLB
154,A5,DEPARTED,C30,PLB
154,A6,DEPARTED,C31,PLB
154,A7,PARKED,C30,PLB
154,A8,PARKED,C31,PLB
154,A9,SCHEDULED,,
154,A10,SCHEDULED,,
155,A1,DEPARTED,C30,PLB
155,A2,DEPARTED,C31,PLB
155,A3,DEPARTED,C32,PLB
155,A4,DEPARTED,C33,PLB
155,A5,DEPARTED,C30,PLB
155,A6,DEPARTED,C31,PLB
155,A7,PARKED,C30,PLB
155,A8,PARKED,C31,PLB
155,A9,SCHEDULED,,
155,A10,SCHEDULED,,
156,A1,DEPARTED,C30,PLB
156,A2,DEPARTED,C31,PLB
156,A3,DEPARTED,C32,PLB
156,A4,DEPARTED,C33,PLB
156,A5,DEPARTED,C30,PLB
156,A6,DEPARTED,C31,PLB
156,A7,PARKED,C30,PLB
156,A8,PARKED,C31,PLB
156,A9,SCHEDULED,,
156,A10,SCHEDULED,,
157,A1,DEPARTED,C30,PLB
157,A2,DEPARTED,C31,PLB
157,A3,DEPARTED,C32,PLB
157,A4,DEPARTED,C33,PLB
157,A5,DEPARTED,C30,PLB
157,A6,DEPARTED,C31,PLB
157,A7,PARKED,C30,PLB
157,A8,PARKED,C31,PLB
157,A9,SCHEDULED,,
157,A10,SCHEDULED,,
158,A1,DEPARTED,C30,PLB
158,A2,DEPARTED,C31,PLB
158,A3,DEPARTED,C32,PLB
158,A4,DEPARTED,C33,PLB
158,A5,DEPARTED,C30,PLB
158,A6,DEPARTED,C31,PLB
158,A7,PARKED,C30,PLB
158,A8,PARKED,C31,PLB
158,A9,SCHEDULED,,
158,A10,SCHEDULED,,
159,A1,DEPARTED,C30,PLB
159,A2,DEPARTED,C31,PLB
159,A3,DEPARTED,C32,PLB
159,A4,DEPARTED,C33,PLB
159,A5,DEPARTED,C30,PLB
159,A6,DEPARTED,C31,PLB
159,A7,PARKED,C30,PLB
159,A8,PARKED,C31,PLB
159,A9,SCHEDULED,,
159,A10,SCHEDULED,,
160,A1,DEPARTED,C30,PLB
160,A2,DEPARTED,C31,PLB
160,A3,DEPARTED,C32,PLB
160,A4,DEPARTED,C33,PLB
160,A5,DEPARTED,C30,PLB
160,A6,DEPARTED,C31,PLB
160,A7,PARKED,C30,PLB
160,A8,PARKED,C31,PLB
160,A9,SCHEDULED,,
160,A10,SCHEDULED,,
161,A1,DEPARTED,C30,PLB
161,A2,DEPARTED,C31,PLB
161,A3,DEPARTED,C32,PLB
161,A4,DEPARTED,C33,PLB
161,A5,DEPARTED,C30,PLB
161,A6,DEPARTED,C31,PLB
161,A7,PARKED,C30,PLB
161,A8,PARKED,C31,PLB
161,A9,SCHEDULED,,
161,A10,SCHEDULED,,
162,A1,DEPARTED,C30,PLB
162,A2,DEPARTED,C31,PLB
162,A3,DEPARTED,C32,PLB
162,A4,DEPARTED,C33,PLB
162,A5,DEPARTED,C30,PLB
162,A6,DEPARTED,C31,PLB
162,A7,PARKED,C30,PLB
162,A8,PARKED,C31,PLB
162,A9,SCHEDULED,,
162,A10,SCHEDULED,,
163,A1,DEPARTED,C30,PLB
163,A2,DEPARTED,C31,PLB
163,A3,DEPARTED,C32,PLB
163,A4,DEPARTED,C33,PLB
163,A5,DEPARTED,C30,PLB
163,A6,DEPARTED,C31,PLB
163,A7,PARKED,C30,PLB
163,A8,PARKED,C31,PLB
163,A9,SCHEDULED,,
163,A10,SCHEDULED,,
164,A1,DEPARTED,C30,PLB
164,A2,DEPARTED,C31,PLB
164,A3,DEPARTED,C32,PLB
164,A4,DEPARTED,C33,PLB
164,A5,DEPARTED,C30,PLB
164,A6,DEPARTED,C31,PLB
164,A7,PARKED,C30,PLB
164,A8,PARKED,C31,PLB
164,A9,SCHEDULED,,
164,A10,SCHEDULED,,
165,A1,DEPARTED,C30,PLB
165,A2,DEPARTED,C31,PLB
165,A3,DEPARTED,C32,PLB
165,A4,DEPARTED,C33,PLB
165,A5,DEPARTED,C30,PLB
165,A6,DEPARTED,C31,PLB
165,A7,PARKED,C30,PLB
165,A8,PARKED,C31,PLB
165,A9,SCHEDULED,,
165,A10,SCHEDULED,,
166,A1,DEPARTED,C30,PLB
166,A2,DEPARTED,C31,PLB
166,A3,DEPARTED,C32,PLB
166,A4,DEPARTED,C33,PLB
166,A5,DEPARTED,C30,PLB
166,A6,DEPARTED,C31,PLB
166,A7,PARKED,C30,PLB
166,A8,PARKED,C31,PLB
166,A9,SCHEDULED,,
166,A10,SCHEDULED,,
167,A1,DEPARTED,C30,PLB
167,A2,DEPARTED,C31,PLB
167,A3,DEPARTED,C32,PLB
167,A4,DEPARTED,C33,PLB
167,A5,DEPARTED,C30,PLB
167,A6,DEPARTED,C31,PLB
167,A7,PARKED,C30,PLB
167,A8,PARKED,C31,PLB
167,A9,SCHEDULED,,
167,A10,SCHEDULED,,
168,A1,DEPARTED,C30,PLB
168,A2,DEPARTED,C31,PLB
168,A3,DEPARTED,C32,PLB
168,A4,DEPARTED,C33,PLB
168,A5,DEPARTED,C30,PLB
168,A6,DEPARTED,C31,PLB
168,A7,PARKED,C30,PLB
168,A8,PARKED,C31,PLB
168,A9,SCHEDULED,,
168,A10,SCHEDULED,,
169,A1,DEPARTED,C30,PLB
169,A2,DEPARTED,C31,PLB
169,A3,DEPARTED,C32,PLB
169,A4,DEPARTED,C33,PLB
169,A5,DEPARTED,C30,PLB
169,A6,DEPARTED,C31,PLB
169,A7,PARKED,C30,PLB
169,A8,PARKED,C31,PLB
169,A9,SCHEDULED,,
169,A10,SCHEDULED,,
170,A1,DEPARTED,C30,PLB
170,A2,DEPARTED,C31,PLB
170,A3,DEPARTED,C32,PLB
170,A4,DEPARTED,C33,PLB
170,A5,DEPARTED,C30,PLB
170,A6,DEPARTED,C31,PLB
170,A7,PARKED,C30,PLB
170,A8,PARKED,C31,PLB
170,A9,SCHEDULED,,
170,A10,SCHEDULED,,
171,A1,DEPARTED,C30,PLB
171,A2,DEPARTED,C31,PLB
171,A3,DEPARTED,C32,PLB
171,A4,DEPARTED,C33,PLB
171,A5,DEPARTED,C30,PLB
171,A6,DEPARTED,C31,PLB
171,A7,PARKED,C30,PLB
171,A8,PARKED,C31,PLB
171,A9,SCHEDULED,,
171,A10,SCHEDULED,,
172,A1,DEPARTED,C30,PLB
172,A2,DEPARTED,C31,PLB
172,A3,DEPARTED,C32,PLB
172,A4,DEPARTED,C33,PLB
172,A5,DEPARTED,C30,PLB
172,A6,DEPARTED,C31,PLB
172,A7,PARKED,C30,PLB
172,A8,PARKED,C31,PLB
172,A9,SCHEDULED,,
172,A10,SCHEDULED,,
173,A1,DEPARTED,C30,PLB
173,A2,DEPARTED,C31,PLB
173,A3,DEPARTED,C32,PLB
173,A4,DEPARTED,C33,PLB
173,A5,DEPARTED,C30,PLB
173,A6,DEPARTED,C31,PLB
173,A7,PARKED,C30,PLB
173,A8,PARKED,C31,PLB
173,A9,SCHEDULED,,
173,A10,SCHEDULED,,
174,A1,DEPARTED,C30,PLB
174,A2,DEPARTED,C31,PLB
174,A3,DEPARTED,C32,PLB
174,A4,DEPARTED,C33,PLB
174,A5,DEPARTED,C30,PLB
174,A6,DEPARTED,C31,PLB
174,A7,PARKED,C30,PLB
174,A8,PARKED,C31,PLB
174,A9,SCHEDULED,,
174,A10,SCHEDULED,,
175,A1,DEPARTED,C30,PLB
175,A2,DEPARTED,C31,PLB
175,A3,DEPARTED,C32,PLB
175,A4,DEPARTED,C33,PLB
175,A5,DEPARTED,C30,PLB
175,A6,DEPARTED,C31,PLB
175,A7,PARKED,C30,PLB
175,A8,PARKED,C31,PLB
175,A9,SCHEDULED,,
175,A10,SCHEDULED,,
176,A1,DEPARTED,C30,PLB
176,A2,DEPARTED,C31,PLB
176,A3,DEPARTED,C32,PLB
176,A4,DEPARTED,C33,PLB
176,A5,DEPARTED,C30,PLB
176,A6,DEPARTED,C31,PLB
176,A7,PARKED,C30,PLB
176,A8,PARKED,C31,PLB
176,A9,SCHEDULED,,
176,A10,SCHEDULED,,
177,A1,DEPARTED,C30,PLB
177,A2,DEPARTED,C31,PLB
177,A3,DEPARTED,C32,PLB
177,A4,DEPARTED,C33,PLB
177,A5,DEPARTED,C30,PLB
177,A6,DEPARTED,C31,PLB
177,A7,PARKED,C30,PLB
177,A8,PARKED,C31,PLB
177,A9,SCHEDULED,,
177,A10,SCHEDULED,,
178,A1,DEPARTED,C30,PLB
178,A2,DEPARTED,C31,PLB
178,A3,DEPARTED,C32,PLB
178,A4,DEPARTED,C33,PLB
178,A5,DEPARTED,C30,PLB
178,A6,DEPARTED,C31,PLB
178,A7,PARKED,C30,PLB
178,A8,PARKED,C31,PLB
178,A9,SCHEDULED,,
178,A10,SCHEDULED,,
179,A1,DEPARTED,C30,PLB
179,A2,DEPARTED,C31,PLB
179,A3,DEPARTED,C32,PLB
179,A4,DEPARTED,C33,PLB
179,A5,DEPARTED,C30,PLB
179,A6,DEPARTED,C31,PLB
179,A7,PARKED,C30,PLB
179,A8,PARKED,C31,PLB
179,A9,SCHEDULED,,
179,A10,SCHEDULED,,
180,A1,DEPARTED,C30,PLB
180,A2,DEPARTED,C31,PLB
180,A3,DEPARTED,C32,PLB
180,A4,DEPARTED,C33,PLB
180,A5,DEPARTED,C30,PLB
180,A6,DEPARTED,C31,PLB
180,A7,PARKED,C30,PLB
180,A8,PARKED,C31,PLB
180,A9,SCHEDULED,,
180,A10,SCHEDULED,,
181,A1,DEPARTED,C30,PLB
181,A2,DEPARTED,C31,PLB
181,A3,DEPARTED,C32,PLB
181,A4,DEPARTED,C33,PLB
181,A5,DEPARTED,C30,PLB
181,A6,DEPARTED,C31,PLB
181,A7,PARKED,C30,PLB
181,A8,PARKED,C31,PLB
181,A9,PARKED,C32,PLB
181,A10,SCHEDULED,,
182,A1,DEPARTED,C30,PLB
182,A2,DEPARTED,C31,PLB
182,A3,DEPARTED,C32,PLB
182,A4,DEPARTED,C33,PLB
182,A5,DEPARTED,C30,PLB
182,A6,DEPARTED,C31,PLB
182,A7,PARKED,C30,PLB
182,A8,PARKED,C31,PLB
182,A9,PARKED,C32,PLB
182,A10,SCHEDULED,,
183,A1,DEPARTED,C30,PLB
183,A2,DEPARTED,C31,PLB
183,A3,DEPARTED,C32,PLB
183,A4,DEPARTED,C33,PLB
183,A5,DEPARTED,C30,PLB
183,A6,DEPARTED,C31,PLB
183,A7,PARKED,C30,PLB
183,A8,PARKED,C31,PLB
183,A9,PARKED,C32,PLB
183,A10,SCHEDULED,,
184,A1,DEPARTED,C30,PLB
184,A2,DEPARTED,C31,PLB
184,A3,DEPARTED,C32,PLB
184,A4,DEPARTED,C33,PLB
184,A5,DEPARTED,C30,PLB
184,A6,DEPARTED,C31,PLB
184,A7,PARKED,C30,PLB
184,A8,PARKED,C31,PLB
184,A9,PARKED,C32,PLB
184,A10,SCHEDULED,,
185,A1,DEPARTED,C30,PLB
185,A2,DEPARTED,C31,PLB
185,A3,DEPARTED,C32,PLB
185,A4,DEPARTED,C33,PLB
185,A5,DEPARTED,C30,PLB
185,A6,DEPARTED,C31,PLB
185,A7,PARKED,C30,PLB
185,A8,PARKED,C31,PLB
185,A9,PARKED,C32,PLB
185,A10,SCHEDULED,,
186,A1,DEPARTED,C30,PLB
186,A2,DEPARTED,C31,PLB
186,A3,DEPARTED,C32,PLB
186,A4,DEPARTED,C33,PLB
186,A5,DEPARTED,C30,PLB
186,A6,DEPARTED,C31,PLB
186,A7,PARKED,C30,PLB
186,A8,PARKED,C31,PLB
186,A9,PARKED,C32,PLB
186,A10,SCHEDULED,,
187,A1,DEPARTED,C30,PLB
187,A2,DEPARTED,C31,PLB
187,A3,DEPARTED,C32,PLB
187,A4,DEPARTED,C33,PLB
187,A5,DEPARTED,C30,PLB
187,A6,DEPARTED,C31,PLB
187,A7,PARKED,C30,PLB
187,A8,PARKED,C31,PLB
187,A9,PARKED,C32,PLB
187,A10,SCHEDULED,,
188,A1,DEPARTED,C30,PLB
188,A2,DEPARTED,C31,PLB
188,A3,DEPARTED,C32,PLB
188,A4,DEPARTED,C33,PLB
188,A5,DEPARTED,C30,PLB
188,A6,DEPARTED,C31,PLB
188,A7,PARKED,C30,PLB
188,A8,PARKED,C31,PLB
188,A9,PARKED,C32,PLB
188,A10,SCHEDULED,,
189,A1,DEPARTED,C30,PLB
189,A2,DEPARTED,C31,PLB
189,A3,DEPARTED,C32,PLB
189,A4,DEPARTED,C33,PLB
189,A5,DEPARTED,C30,PLB
189,A6,DEPARTED,C31,PLB
189,A7,PARKED,C30,PLB
189,A8,PARKED,C31,PLB
189,A9,PARKED,C32,PLB
189,A10,SCHEDULED,,
190,A1,DEPARTED,C30,PLB
190,A2,DEPARTED,C31,PLB
190,A3,DEPARTED,C32,PLB
190,A4,DEPARTED,C33,PLB
190,A5,DEPARTED,C30,PLB
190,A6,DEPARTED,C31,PLB
190,A7,PARKED,C30,PLB
190,A8,PARKED,C31,PLB
190,A9,PARKED,C32,PLB
190,A10,SCHEDULED,,
191,A1,DEPARTED,C30,PLB
191,A2,DEPARTED,C31,PLB
191,A3,DEPARTED,C32,PLB
191,A4,DEPARTED,C33,PLB
191,A5,DEPARTED,C30,PLB
191,A6,DEPARTED,C31,PLB
191,A7,DEPARTED,C30,PLB
191,A8,PARKED,C31,PLB
191,A9,PARKED,C32,PLB
191,A10,SCHEDULED,,
192,A1,DEPARTED,C30,PLB
192,A2,DEPARTED,C31,PLB
192,A3,DEPARTED,C32,PLB
192,A4,DEPARTED,C33,PLB
192,A5,DEPARTED,C30,PLB
192,A6,DEPARTED,C31,PLB
192,A7,DEPARTED,C30,PLB
192,A8,PARKED,C31,PLB
192,A9,PARKED,C32,PLB
192,A10,SCHEDULED,,
193,A1,DEPARTED,C30,PLB
193,A2,DEPARTED,C31,PLB
193,A3,DEPARTED,C32,PLB
193,A4,DEPARTED,C33,PLB
193,A5,DEPARTED,C30,PLB
193,A6,DEPARTED,C31,PLB
193,A7,DEPARTED,C30,PLB
193,A8,PARKED,C31,PLB
193,A9,PARKED,C32,PLB
193,A10,SCHEDULED,,
194,A1,DEPARTED,C30,PLB
194,A2,DEPARTED,C31,PLB
194,A3,DEPARTED,C32,PLB
194,A4,DEPARTED,C33,PLB
194,A5,DEPARTED,C30,PLB
194,A6,DEPARTED,C31,PLB
194,A7,DEPARTED,C30,PLB
194,A8,PARKED,C31,PLB
194,A9,PARKED,C32,PLB
194,A10,SCHEDULED,,
195,A1,DEPARTED,C30,PLB
195,A2,DEPARTED,C31,PLB
195,A3,DEPARTED,C32,PLB
195,A4,DEPARTED,C33,PLB
195,A5,DEPARTED,C30,PLB
195,A6,DEPARTED,C31,PLB
195,A7,DEPARTED,C30,PLB
195,A8,PARKED,C31,PLB
195,A9,PARKED,C32,PLB
195,A10,SCHEDULED,,
196,A1,DEPARTED,C30,PLB
196,A2,DEPARTED,C31,PLB
196,A3,DEPARTED,C32,PLB
196,A4,DEPARTED,C33,PLB
196,A5,DEPARTED,C30,PLB
196,A6,DEPARTED,C31,PLB
196,A7,DEPARTED,C30,PLB
196,A8,PARKED,C31,PLB
196,A9,PARKED,C32,PLB
196,A10,SCHEDULED,,
197,A1,DEPARTED,C30,PLB
197,A2,DEPARTED,C31,PLB
197,A3,DEPARTED,C32,PLB
197,A4,DEPARTED,C33,PLB
197,A5,DEPARTED,C30,PLB
197,A6,DEPARTED,C31,PLB
197,A7,DEPARTED,C30,PLB
197,A8,PARKED,C31,PLB
197,A9,PARKED,C32,PLB
197,A10,SCHEDULED,,
198,A1,DEPARTED,C30,PLB
198,A2,DEPARTED,C31,PLB
198,A3,DEPARTED,C32,PLB
198,A4,DEPARTED,C33,PLB
198,A5,DEPARTED,C30,PLB
198,A6,DEPARTED,C31,PLB
198,A7,DEPARTED,C30,PLB
198,A8,PARKED,C31,PLB
198,A9,PARKED,C32,PLB
198,A10,SCHEDULED,,
199,A1,DEPARTED,C30,PLB
199,A2,DEPARTED,C31,PLB
199,A3,DEPARTED,C32,PLB
199,A4,DEPARTED,C33,PLB
199,A5,DEPARTED,C30,PLB
199,A6,DEPARTED,C31,PLB
199,A7,DEPARTED,C30,PLB
199,A8,PARKED,C31,PLB
199,A9,PARKED,C32,PLB
199,A10,SCHEDULED,,
200,A1,DEPARTED,C30,PLB
200,A2,DEPARTED,C31,PLB
200,A3,DEPARTED,C32,PLB
200,A4,DEPARTED,C33,PLB
200,A5,DEPARTED,C30,PLB
200,A6,DEPARTED,C31,PLB
200,A7,DEPARTED,C30,PLB
200,A8,PARKED,C31,PLB
200,A9,PARKED,C32,PLB
200,A10,SCHEDULED,,
201,A1,DEPARTED,C30,PLB
201,A2,DEPARTED,C31,PLB
201,A3,DEPARTED,C32,PLB
201,A4,DEPARTED,C33,PLB
201,A5,DEPARTED,C30,PLB
201,A6,DEPARTED,C31,PLB
201,A7,DEPARTED,C30,PLB
201,A8,PARKED,C31,PLB
201,A9,PARKED,C32,PLB
201,A10,SCHEDULED,,
202,A1,DEPARTED,C30,PLB
202,A2,DEPARTED,C31,PLB
202,A3,DEPARTED,C32,PLB
202,A4,DEPARTED,C33,PLB
202,A5,DEPARTED,C30,PLB
202,A6,DEPARTED,C31,PLB
202,A7,DEPARTED,C30,PLB
202,A8,PARKED,C31,PLB
202,A9,PARKED,C32,PLB
202,A10,SCHEDULED,,
203,A1,DEPARTED,C30,PLB
203,A2,DEPARTED,C31,PLB
203,A3,DEPARTED,C32,PLB
203,A4,DEPARTED,C33,PLB
203,A5,DEPARTED,C30,PLB
203,A6,DEPARTED,C31,PLB
203,A7,DEPARTED,C30,PLB
203,A8,PARKED,C31,PLB
203,A9,PARKED,C32,PLB
203,A10,SCHEDULED,,
204,A1,DEPARTED,C30,PLB
204,A2,DEPARTED,C31,PLB
204,A3,DEPARTED,C32,PLB
204,A4,DEPARTED,C33,PLB
204,A5,DEPARTED,C30,PLB
204,A6,DEPARTED,C31,PLB
204,A7,DEPARTED,C30,PLB
204,A8,PARKED,C31,PLB
204,A9,PARKED,C32,PLB
204,A10,SCHEDULED,,
205,A1,DEPARTED,C30,PLB
205,A2,DEPARTED,C31,PLB
205,A3,DEPARTED,C32,PLB
205,A4,DEPARTED,C33,PLB
205,A5,DEPARTED,C30,PLB
205,A6,DEPARTED,C31,PLB
205,A7,DEPARTED,C30,PLB
205,A8,PARKED,C31,PLB
205,A9,PARKED,C32,PLB
205,A10,SCHEDULED,,
206,A1,DEPARTED,C30,PLB
206,A2,DEPARTED,C31,PLB
206,A3,DEPARTED,C32,PLB
206,A4,DEPARTED,C33,PLB
206,A5,DEPARTED,C30,PLB
206,A6,DEPARTED,C31,PLB
206,A7,DEPARTED,C30,PLB
206,A8,PARKED,C31,PLB
206,A9,PARKED,C32,PLB
206,A10,SCHEDULED,,
207,A1,DEPARTED,C30,PLB
207,A2,DEPARTED,C31,PLB
207,A3,DEPARTED,C32,PLB
207,A4,DEPARTED,C33,PLB
207,A5,DEPARTED,C30,PLB
207,A6,DEPARTED,C31,PLB
207,A7,DEPARTED,C30,PLB
207,A8,PARKED,C31,PLB
207,A9,PARKED,C32,PLB
207,A10,SCHEDULED,,
208,A1,DEPARTED,C30,PLB
208,A2,DEPARTED,C31,PLB
208,A3,DEPARTED,C32,PLB
208,A4,DEPARTED,C33,PLB
208,A5,DEPARTED,C30,PLB
208,A6,DEPARTED,C31,PLB
208,A7,DEPARTED,C30,PLB
208,A8,PARKED,C31,PLB
208,A9,PARKED,C32,PLB
208,A10,SCHEDULED,,
209,A1,DEPARTED,C30,PLB
209,A2,DEPARTED,C31,PLB
209,A3,DEPARTED,C32,PLB
209,A4,DEPARTED,C33,PLB
209,A5,DEPARTED,C30,PLB
209,A6,DEPARTED,C31,PLB
209,A7,DEPARTED,C30,PLB
209,A8,PARKED,C31,PLB
209,A9,PARKED,C32,PLB
209,A10,SCHEDULED,,
210,A1,DEPARTED,C30,PLB
210,A2,DEPARTED,C31,PLB
210,A3,DEPARTED,C32,PLB
210,A4,DEPARTED,C33,PLB
210,A5,DEPARTED,C30,PLB
210,A6,DEPARTED,C31,PLB
210,A7,DEPARTED,C30,PLB
210,A8,PARKED,C31,PLB
210,A9,PARKED,C32,PLB
210,A10,SCHEDULED,,
211,A1,DEPARTED,C30,PLB
211,A2,DEPARTED,C31,PLB
211,A3,DEPARTED,C32,PLB
211,A4,DEPARTED,C33,PLB
211,A5,DEPARTED,C30,PLB
211,A6,DEPARTED,C31,PLB
211,A7,DEPARTED,C30,PLB
211,A8,DEPARTED,C31,PLB
211,A9,DEPARTED,C32,PLB
211,A10,SCHEDULED,,
212,A1,DEPARTED,C30,PLB
212,A2,DEPARTED,C31,PLB
212,A3,DEPARTED,C32,PLB
212,A4,DEPARTED,C33,PLB
212,A5,DEPARTED,C30,PLB
212,A6,DEPARTED,C31,PLB
212,A7,DEPARTED,C30,PLB
212,A8,DEPARTED,C31,PLB
212,A9,DEPARTED,C32,PLB
212,A10,SCHEDULED,,
213,A1,DEPARTED,C30,PLB
213,A2,DEPARTED,C31,PLB
213,A3,DEPARTED,C32,PLB
213,A4,DEPARTED,C33,PLB
213,A5,DEPARTED,C30,PLB
213,A6,DEPARTED,C31,PLB
213,A7,DEPARTED,C30,PLB
213,A8,DEPARTED,C31,PLB
213,A9,DEPARTED,C32,PLB
213,A10,SCHEDULED,,
214,A1,DEPARTED,C30,PLB
214,A2,DEPARTED,C31,PLB
214,A3,DEPARTED,C32,PLB
214,A4,DEPARTED,C33,PLB
214,A5,DEPARTED,C30,PLB
214,A6,DEPARTED,C31,PLB
214,A7,DEPARTED,C30,PLB
214,A8,DEPARTED,C31,PLB
214,A9,DEPARTED,C32,PLB
214,A10,SCHEDULED,,
215,A1,DEPARTED,C30,PLB
215,A2,DEPARTED,C31,PLB
215,A3,DEPARTED,C32,PLB
215,A4,DEPARTED,C33,PLB
215,A5,DEPARTED,C30,PLB
215,A6,DEPARTED,C31,PLB
215,A7,DEPARTED,C30,PLB
215,A8,DEPARTED,C31,PLB
215,A9,DEPARTED,C32,PLB
215,A10,SCHEDULED,,
216,A1,DEPARTED,C30,PLB
216,A2,DEPARTED,C31,PLB
216,A3,DEPARTED,C32,PLB
216,A4,DEPARTED,C33,PLB
216,A5,DEPARTED,C30,PLB
216,A6,DEPARTED,C31,PLB
216,A7,DEPARTED,C30,PLB
216,A8,DEPARTED,C31,PLB
216,A9,DEPARTED,C32,PLB
216,A10,SCHEDULED,,
217,A1,DEPARTED,C30,PLB
217,A2,DEPARTED,C31,PLB
217,A3,DEPARTED,C32,PLB
217,A4,DEPARTED,C33,PLB
217,A5,DEPARTED,C30,PLB
217,A6,DEPARTED,C31,PLB
217,A7,DEPARTED,C30,PLB
217,A8,DEPARTED,C31,PLB
217,A9,DEPARTED,C32,PLB
217,A10,SCHEDULED,,
218,A1,DEPARTED,C30,PLB
218,A2,DEPARTED,C31,PLB
218,A3,DEPARTED,C32,PLB
218,A4,DEPARTED,C33,PLB
218,A5,DEPARTED,C30,PLB
218,A6,DEPARTED,C31,PLB
218,A7,DEPARTED,C30,PLB
218,A8,DEPARTED,C31,PLB
218,A9,DEPARTED,C32,PLB
218,A10,SCHEDULED,,
219,A1,DEPARTED,C30,PLB
219,A2,DEPARTED,C31,PLB
219,A3,DEPARTED,C32,PLB
219,A4,DEPARTED,C33,PLB
219,A5,DEPARTED,C30,PLB
219,A6,DEPARTED,C31,PLB
219,A7,DEPARTED,C30,PLB
219,A8,DEPARTED,C31,PLB
219,A9,DEPARTED,C32,PLB
219,A10,SCHEDULED,,
220,A1,DEPARTED,C30,PLB
220,A2,DEPARTED,C31,PLB
220,A3,DEPARTED,C32,PLB
220,A4,DEPARTED,C33,PLB
220,A5,DEPARTED,C30,PLB
220,A6,DEPARTED,C31,PLB
220,A7,DEPARTED,C30,PLB
220,A8,DEPARTED,C31,PLB
220,A9,DEPARTED,C32,PLB
220,A10,SCHEDULED,,
221,A1,DEPARTED,C30,PLB
221,A2,DEPARTED,C31,PLB
221,A3,DEPARTED,C32,PLB
221,A4,DEPARTED,C33,PLB
221,A5,DEPARTED,C30,PLB
221,A6,DEPARTED,C31,PLB
221,A7,DEPARTED,C30,PLB
221,A8,DEPARTED,C31,PLB
221,A9,DEPARTED,C32,PLB
221,A10,PARKED,C30,PLB
222,A1,DEPARTED,C30,PLB
222,A2,DEPARTED,C31,PLB
222,A3,DEPARTED,C32,PLB
222,A4,DEPARTED,C33,PLB
222,A5,DEPARTED,C30,PLB
222,A6,DEPARTED,C31,PLB
222,A7,DEPARTED,C30,PLB
222,A8,DEPARTED,C31,PLB
222,A9,DEPARTED,C32,PLB
222,A10,PARKED,C30,PLB
223,A1,DEPARTED,C30,PLB
223,A2,DEPARTED,C31,PLB
223,A3,DEPARTED,C32,PLB
223,A4,DEPARTED,C33,PLB
223,A5,DEPARTED,C30,PLB
223,A6,DEPARTED,C31,PLB
223,A7,DEPARTED,C30,PLB
223,A8,DEPARTED,C31,PLB
223,A9,DEPARTED,C32,PLB
223,A10,PARKED,C30,PLB
224,A1,DEPARTED,C30,PLB
224,A2,DEPARTED,C31,PLB
224,A3,DEPARTED,C32,PLB
224,A4,DEPARTED,C33,PLB
224,A5,DEPARTED,C30,PLB
224,A6,DEPARTED,C31,PLB
224,A7,DEPARTED,C30,PLB
224,A8,DEPARTED,C31,PLB
224,A9,DEPARTED,C32,PLB
224,A10,PARKED,C30,PLB
225,A1,DEPARTED,C30,PLB
225,A2,DEPARTED,C31,PLB
225,A3,DEPARTED,C32,PLB
225,A4,DEPARTED,C33,PLB
225,A5,DEPARTED,C30,PLB
225,A6,DEPARTED,C31,PLB
225,A7,DEPARTED,C30,PLB
225,A8,DEPARTED,C31,PLB
225,A9,DEPARTED,C32,PLB
225,A10,PARKED,C30,PLB
226,A1,DEPARTED,C30,PLB
226,A2,DEPARTED,C31,PLB
226,A3,DEPARTED,C32,PLB
226,A4,DEPARTED,C33,PLB
226,A5,DEPARTED,C30,PLB
226,A6,DEPARTED,C31,PLB
226,A7,DEPARTED,C30,PLB
226,A8,DEPARTED,C31,PLB
226,A9,DEPARTED,C32,PLB
226,A10,PARKED,C30,PLB
227,A1,DEPARTED,C30,PLB
227,A2,DEPARTED,C31,PLB
227,A3,DEPARTED,C32,PLB
227,A4,DEPARTED,C33,PLB
227,A5,DEPARTED,C30,PLB
227,A6,DEPARTED,C31,PLB
227,A7,DEPARTED,C30,PLB
227,A8,DEPARTED,C31,PLB
227,A9,DEPARTED,C32,PLB
227,A10,PARKED,C30,PLB
228,A1,DEPARTED,C30,PLB
228,A2,DEPARTED,C31,PLB
228,A3,DEPARTED,C32,PLB
228,A4,DEPARTED,C33,PLB
228,A5,DEPARTED,C30,PLB
228,A6,DEPARTED,C31,PLB
228,A7,DEPARTED,C30,PLB
228,A8,DEPARTED,C31,PLB
228,A9,DEPARTED,C32,PLB
228,A10,PARKED,C30,PLB
229,A1,DEPARTED,C30,PLB
229,A2,DEPARTED,C31,PLB
229,A3,DEPARTED,C32,PLB
229,A4,DEPARTED,C33,PLB
229,A5,DEPARTED,C30,PLB
229,A6,DEPARTED,C31,PLB
229,A7,DEPARTED,C30,PLB
229,A8,DEPARTED,C31,PLB
229,A9,DEPARTED,C32,PLB
229,A10,PARKED,C30,PLB
230,A1,DEPARTED,C30,PLB
230,A2,DEPARTED,C31,PLB
230,A3,DEPARTED,C32,PLB
230,A4,DEPARTED,C33,PLB
230,A5,DEPARTED,C30,PLB
230,A6,DEPARTED,C31,PLB
230,A7,DEPARTED,C30,PLB
230,A8,DEPARTED,C31,PLB
230,A9,DEPARTED,C32,PLB
230,A10,PARKED,C30,PLB
231,A1,DEPARTED,C30,PLB
231,A2,DEPARTED,C31,PLB
231,A3,DEPARTED,C32,PLB
231,A4,DEPARTED,C33,PLB
231,A5,DEPARTED,C30,PLB
231,A6,DEPARTED,C31,PLB
231,A7,DEPARTED,C30,PLB
231,A8,DEPARTED,C31,PLB
231,A9,DEPARTED,C32,PLB
231,A10,PARKED,C30,PLB
232,A1,DEPARTED,C30,PLB
232,A2,DEPARTED,C31,PLB
232,A3,DEPARTED,C32,PLB
232,A4,DEPARTED,C33,PLB
232,A5,DEPARTED,C30,PLB
232,A6,DEPARTED,C31,PLB
232,A7,DEPARTED,C30,PLB
232,A8,DEPARTED,C31,PLB
232,A9,DEPARTED,C32,PLB
232,A10,PARKED,C30,PLB
233,A1,DEPARTED,C30,PLB
233,A2,DEPARTED,C31,PLB
233,A3,DEPARTED,C32,PLB
233,A4,DEPARTED,C33,PLB
233,A5,DEPARTED,C30,PLB
233,A6,DEPARTED,C31,PLB
233,A7,DEPARTED,C30,PLB
233,A8,DEPARTED,C31,PLB
233,A9,DEPARTED,C32,PLB
233,A10,PARKED,C30,PLB
234,A1,DEPARTED,C30,PLB
234,A2,DEPARTED,C31,PLB
234,A3,DEPARTED,C32,PLB
234,A4,DEPARTED,C33,PLB
234,A5,DEPARTED,C30,PLB
234,A6,DEPARTED,C31,PLB
234,A7,DEPARTED,C30,PLB
234,A8,DEPARTED,C31,PLB
234,A9,DEPARTED,C32,PLB
234,A10,PARKED,C30,PLB
235,A1,DEPARTED,C30,PLB
235,A2,DEPARTED,C31,PLB
235,A3,DEPARTED,C32,PLB
235,A4,DEPARTED,C33,PLB
235,A5,DEPARTED,C30,PLB
235,A6,DEPARTED,C31,PLB
235,A7,DEPARTED,C30,PLB
235,A8,DEPARTED,C31,PLB
235,A9,DEPARTED,C32,PLB
235,A10,PARKED,C30,PLB
236,A1,DEPARTED,C30,PLB
236,A2,DEPARTED,C31,PLB
236,A3,DEPARTED,C32,PLB
236,A4,DEPARTED,C33,PLB
236,A5,DEPARTED,C30,PLB
236,A6,DEPARTED,C31,PLB
236,A7,DEPARTED,C30,PLB
236,A8,DEPARTED,C31,PLB
236,A9,DEPARTED,C32,PLB
236,A10,PARKED,C30,PLB
237,A1,DEPARTED,C30,PLB
237,A2,DEPARTED,C31,PLB
237,A3,DEPARTED,C32,PLB
237,A4,DEPARTED,C33,PLB
237,A5,DEPARTED,C30,PLB
237,A6,DEPARTED,C31,PLB
237,A7,DEPARTED,C30,PLB
237,A8,DEPARTED,C31,PLB
237,A9,DEPARTED,C32,PLB
237,A10,PARKED,C30,PLB
238,A1,DEPARTED,C30,PLB
238,A2,DEPARTED,C31,PLB
238,A3,DEPARTED,C32,PLB
238,A4,DEPARTED,C33,PLB
238,A5,DEPARTED,C30,PLB
238,A6,DEPARTED,C31,PLB
238,A7,DEPARTED,C30,PLB
238,A8,DEPARTED,C31,PLB
238,A9,DEPARTED,C32,PLB
238,A10,PARKED,C30,PLB
239,A1,DEPARTED,C30,PLB
239,A2,DEPARTED,C31,PLB
239,A3,DEPARTED,C32,PLB
239,A4,DEPARTED,C33,PLB
239,A5,DEPARTED,C30,PLB
239,A6,DEPARTED,C31,PLB
239,A7,DEPARTED,C30,PLB
239,A8,DEPARTED,C31,PLB
239,A9,DEPARTED,C32,PLB
239,A10,PARKED,C30,PLB
240,A1,DEPARTED,C30,PLB
240,A2,DEPARTED,C31,PLB
240,A3,DEPARTED,C32,PLB
240,A4,DEPARTED,C33,PLB
240,A5,DEPARTED,C30,PLB
240,A6,DEPARTED,C31,PLB
240,A7,DEPARTED,C30,PLB
240,A8,DEPARTED,C31,PLB
240,A9,DEPARTED,C32,PLB
240,A10,PARKED,C30,PLB
241,A1,DEPARTED,C30,PLB
241,A2,DEPARTED,C31,PLB
241,A3,DEPARTED,C32,PLB
241,A4,DEPARTED,C33,PLB
241,A5,DEPARTED,C30,PLB
241,A6,DEPARTED,C31,PLB
241,A7,DEPARTED,C30,PLB
241,A8,DEPARTED,C31,PLB
241,A9,DEPARTED,C32,PLB
241,A10,PARKED,C30,PLB
242,A1,DEPARTED,C30,PLB
242,A2,DEPARTED,C31,PLB
242,A3,DEPARTED,C32,PLB
242,A4,DEPARTED,C33,PLB
242,A5,DEPARTED,C30,PLB
242,A6,DEPARTED,C31,PLB
242,A7,DEPARTED,C30,PLB
242,A8,DEPARTED,C31,PLB
242,A9,DEPARTED,C32,PLB
242,A10,PARKED,C30,PLB
243,A1,DEPARTED,C30,PLB
243,A2,DEPARTED,C31,PLB
243,A3,DEPARTED,C32,PLB
243,A4,DEPARTED,C33,PLB
243,A5,DEPARTED,C30,PLB
243,A6,DEPARTED,C31,PLB
243,A7,DEPARTED,C30,PLB
243,A8,DEPARTED,C31,PLB
243,A9,DEPARTED,C32,PLB
243,A10,PARKED,C30,PLB
244,A1,DEPARTED,C30,PLB
244,A2,DEPARTED,C31,PLB
244,A3,DEPARTED,C32,PLB
244,A4,DEPARTED,C33,PLB
244,A5,DEPARTED,C30,PLB
244,A6,DEPARTED,C31,PLB
244,A7,DEPARTED,C30,PLB
244,A8,DEPARTED,C31,PLB
244,A9,DEPARTED,C32,PLB
244,A10,PARKED,C30,PLB
245,A1,DEPARTED,C30,PLB
245,A2,DEPARTED,C31,PLB
245,A3,DEPARTED,C32,PLB
245,A4,DEPARTED,C33,PLB
245,A5,DEPARTED,C30,PLB
245,A6,DEPARTED,C31,PLB
245,A7,DEPARTED,C30,PLB
245,A8,DEPARTED,C31,PLB
245,A9,DEPARTED,C32,PLB
245,A10,PARKED,C30,PLB
246,A1,DEPARTED,C30,PLB
246,A2,DEPARTED,C31,PLB
246,A3,DEPARTED,C32,PLB
246,A4,DEPARTED,C33,PLB
246,A5,DEPARTED,C30,PLB
246,A6,DEPARTED,C31,PLB
246,A7,DEPARTED,C30,PLB
246,A8,DEPARTED,C31,PLB
246,A9,DEPARTED,C32,PLB
246,A10,PARKED,C30,PLB
247,A1,DEPARTED,C30,PLB
247,A2,DEPARTED,C31,PLB
247,A3,DEPARTED,C32,PLB
247,A4,DEPARTED,C33,PLB
247,A5,DEPARTED,C30,PLB
247,A6,DEPARTED,C31,PLB
247,A7,DEPARTED,C30,PLB
247,A8,DEPARTED,C31,PLB
247,A9,DEPARTED,C32,PLB
247,A10,PARKED,C30,PLB
248,A1,DEPARTED,C30,PLB
248,A2,DEPARTED,C31,PLB
248,A3,DEPARTED,C32,PLB
248,A4,DEPARTED,C33,PLB
248,A5,DEPARTED,C30,PLB
248,A6,DEPARTED,C31,PLB
248,A7,DEPARTED,C30,PLB
248,A8,DEPARTED,C31,PLB
248,A9,DEPARTED,C32,PLB
248,A10,PARKED,C30,PLB
249,A1,DEPARTED,C30,PLB
249,A2,DEPARTED,C31,PLB
249,A3,DEPARTED,C32,PLB
249,A4,DEPARTED,C33,PLB
249,A5,DEPARTED,C30,PLB
249,A6,DEPARTED,C31,PLB
249,A7,DEPARTED,C30,PLB
249,A8,DEPARTED,C31,PLB
249,A9,DEPARTED,C32,PLB
249,A10,PARKED,C30,PLB
250,A1,DEPARTED,C30,PLB
250,A2,DEPARTED,C31,PLB
250,A3,DEPARTED,C32,PLB
250,A4,DEPARTED,C33,PLB
250,A5,DEPARTED,C30,PLB
250,A6,DEPARTED,C31,PLB
250,A7,DEPARTED,C30,PLB
250,A8,DEPARTED,C31,PLB
250,A9,DEPARTED,C32,PLB
250,A10,PARKED,C30,PLB
251,A1,DEPARTED,C30,PLB
251,A2,DEPARTED,C31,PLB
251,A3,DEPARTED,C32,PLB
251,A4,DEPARTED,C33,PLB
251,A5,DEPARTED,C30,PLB
251,A6,DEPARTED,C31,PLB
251,A7,DEPARTED,C30,PLB
251,A8,DEPARTED,C31,PLB
251,A9,DEPARTED,C32,PLB
251,A10,PARKED,C30,PLB
252,A1,DEPARTED,C30,PLB
252,A2,DEPARTED,C31,PLB
252,A3,DEPARTED,C32,PLB
252,A4,DEPARTED,C33,PLB
252,A5,DEPARTED,C30,PLB
252,A6,DEPARTED,C31,PLB
252,A7,DEPARTED,C30,PLB
252,A8,DEPARTED,C31,PLB
252,A9,DEPARTED,C32,PLB
252,A10,PARKED,C30,PLB
253,A1,DEPARTED,C30,PLB
253,A2,DEPARTED,C31,PLB
253,A3,DEPARTED,C32,PLB
253,A4,DEPARTED,C33,PLB
253,A5,DEPARTED,C30,PLB
253,A6,DEPARTED,C31,PLB
253,A7,DEPARTED,C30,PLB
253,A8,DEPARTED,C31,PLB
253,A9,DEPARTED,C32,PLB
253,A10,PARKED,C30,PLB
254,A1,DEPARTED,C30,PLB
254,A2,DEPARTED,C31,PLB
254,A3,DEPARTED,C32,PLB
254,A4,DEPARTED,C33,PLB
254,A5,DEPARTED,C30,PLB
254,A6,DEPARTED,C31,PLB
254,A7,DEPARTED,C30,PLB
254,A8,DEPARTED,C31,PLB
254,A9,DEPARTED,C32,PLB
254,A10,PARKED,C30,PLB
255,A1,DEPARTED,C30,PLB
255,A2,DEPARTED,C31,PLB
255,A3,DEPARTED,C32,PLB
255,A4,DEPARTED,C33,PLB
255,A5,DEPARTED,C30,PLB
255,A6,DEPARTED,C31,PLB
255,A7,DEPARTED,C30,PLB
255,A8,DEPARTED,C31,PLB
255,A9,DEPARTED,C32,PLB
255,A10,PARKED,C30,PLB
256,A1,DEPARTED,C30,PLB
256,A2,DEPARTED,C31,PLB
256,A3,DEPARTED,C32,PLB
256,A4,DEPARTED,C33,PLB
256,A5,DEPARTED,C30,PLB
256,A6,DEPARTED,C31,PLB
256,A7,DEPARTED,C30,PLB
256,A8,DEPARTED,C31,PLB
256,A9,DEPARTED,C32,PLB
256,A10,PARKED,C30,PLB
257,A1,DEPARTED,C30,PLB
257,A2,DEPARTED,C31,PLB
257,A3,DEPARTED,C32,PLB
257,A4,DEPARTED,C33,PLB
257,A5,DEPARTED,C30,PLB
257,A6,DEPARTED,C31,PLB
257,A7,DEPARTED,C30,PLB
257,A8,DEPARTED,C31,PLB
257,A9,DEPARTED,C32,PLB
257,A10,PARKED,C30,PLB
258,A1,DEPARTED,C30,PLB
258,A2,DEPARTED,C31,PLB
258,A3,DEPARTED,C32,PLB
258,A4,DEPARTED,C33,PLB
258,A5,DEPARTED,C30,PLB
258,A6,DEPARTED,C31,PLB
258,A7,DEPARTED,C30,PLB
258,A8,DEPARTED,C31,PLB
258,A9,DEPARTED,C32,PLB
258,A10,PARKED,C30,PLB
259,A1,DEPARTED,C30,PLB
259,A2,DEPARTED,C31,PLB
259,A3,DEPARTED,C32,PLB
259,A4,DEPARTED,C33,PLB
259,A5,DEPARTED,C30,PLB
259,A6,DEPARTED,C31,PLB
259,A7,DEPARTED,C30,PLB
259,A8,DEPARTED,C31,PLB
259,A9,DEPARTED,C32,PLB
259,A10,PARKED,C30,PLB
260,A1,DEPARTED,C30,PLB
260,A2,DEPARTED,C31,PLB
260,A3,DEPARTED,C32,PLB
260,A4,DEPARTED,C33,PLB
260,A5,DEPARTED,C30,PLB
260,A6,DEPARTED,C31,PLB
260,A7,DEPARTED,C30,PLB
260,A8,DEPARTED,C31,PLB
260,A9,DEPARTED,C32,PLB
260,A10,PARKED,C30,PLB
261,A1,DEPARTED,C30,PLB
261,A2,DEPARTED,C31,PLB
261,A3,DEPARTED,C32,PLB
261,A4,DEPARTED,C33,PLB
261,A5,DEPARTED,C30,PLB
261,A6,DEPARTED,C31,PLB
261,A7,DEPARTED,C30,PLB
261,A8,DEPARTED,C31,PLB
261,A9,DEPARTED,C32,PLB
261,A10,PARKED,C30,PLB
262,A1,DEPARTED,C30,PLB
262,A2,DEPARTED,C31,PLB
262,A3,DEPARTED,C32,PLB
262,A4,DEPARTED,C33,PLB
262,A5,DEPARTED,C30,PLB
262,A6,DEPARTED,C31,PLB
262,A7,DEPARTED,C30,PLB
262,A8,DEPARTED,C31,PLB
262,A9,DEPARTED,C32,PLB
262,A10,PARKED,C30,PLB
263,A1,DEPARTED,C30,PLB
263,A2,DEPARTED,C31,PLB
263,A3,DEPARTED,C32,PLB
263,A4,DEPARTED,C33,PLB
263,A5,DEPARTED,C30,PLB
263,A6,DEPARTED,C31,PLB
263,A7,DEPARTED,C30,PLB
263,A8,DEPARTED,C31,PLB
263,A9,DEPARTED,C32,PLB
263,A10,PARKED,C30,PLB
264,A1,DEPARTED,C30,PLB
264,A2,DEPARTED,C31,PLB
264,A3,DEPARTED,C32,PLB
264,A4,DEPARTED,C33,PLB
264,A5,DEPARTED,C30,PLB
264,A6,DEPARTED,C31,PLB
264,A7,DEPARTED,C30,PLB
264,A8,DEPARTED,C31,PLB
264,A9,DEPARTED,C32,PLB
264,A10,PARKED,C30,PLB
265,A1,DEPARTED,C30,PLB
265,A2,DEPARTED,C31,PLB
265,A3,DEPARTED,C32,PLB
265,A4,DEPARTED,C33,PLB
265,A5,DEPARTED,C30,PLB
265,A6,DEPARTED,C31,PLB
265,A7,DEPARTED,C30,PLB
265,A8,DEPARTED,C31,PLB
265,A9,DEPARTED,C32,PLB
265,A10,PARKED,C30,PLB
266,A1,DEPARTED,C30,PLB
266,A2,DEPARTED,C31,PLB
266,A3,DEPARTED,C32,PLB
266,A4,DEPARTED,C33,PLB
266,A5,DEPARTED,C30,PLB
266,A6,DEPARTED,C31,PLB
266,A7,DEPARTED,C30,PLB
266,A8,DEPARTED,C31,PLB
266,A9,DEPARTED,C32,PLB
266,A10,PARKED,C30,PLB
267,A1,DEPARTED,C30,PLB
267,A2,DEPARTED,C31,PLB
267,A3,DEPARTED,C32,PLB
267,A4,DEPARTED,C33,PLB
267,A5,DEPARTED,C30,PLB
267,A6,DEPARTED,C31,PLB
267,A7,DEPARTED,C30,PLB
267,A8,DEPARTED,C31,PLB
267,A9,DEPARTED,C32,PLB
267,A10,PARKED,C30,PLB
268,A1,DEPARTED,C30,PLB
268,A2,DEPARTED,C31,PLB
268,A3,DEPARTED,C32,PLB
268,A4,DEPARTED,C33,PLB
268,A5,DEPARTED,C30,PLB
268,A6,DEPARTED,C31,PLB
268,A7,DEPARTED,C30,PLB
268,A8,DEPARTED,C31,PLB
268,A9,DEPARTED,C32,PLB
268,A10,PARKED,C30,PLB
269,A1,DEPARTED,C30,PLB
269,A2,DEPARTED,C31,PLB
269,A3,DEPARTED,C32,PLB
269,A4,DEPARTED,C33,PLB
269,A5,DEPARTED,C30,PLB
269,A6,DEPARTED,C31,PLB
269,A7,DEPARTED,C30,PLB
269,A8,DEPARTED,C31,PLB
269,A9,DEPARTED,C32,PLB
269,A10,PARKED,C30,PLB
270,A1,DEPARTED,C30,PLB
270,A2,DEPARTED,C31,PLB
270,A3,DEPARTED,C32,PLB
270,A4,DEPARTED,C33,PLB
270,A5,DEPARTED,C30,PLB
270,A6,DEPARTED,C31,PLB
270,A7,DEPARTED,C30,PLB
270,A8,DEPARTED,C31,PLB
270,A9,DEPARTED,C32,PLB
270,A10,PARKED,C30,PLB
271,A1,DEPARTED,C30,PLB
271,A2,DEPARTED,C31,PLB
271,A3,DEPARTED,C32,PLB
271,A4,DEPARTED,C33,PLB
271,A5,DEPARTED,C30,PLB
271,A6,DEPARTED,C31,PLB
271,A7,DEPARTED,C30,PLB
271,A8,DEPARTED,C31,PLB
271,A9,DEPARTED,C32,PLB
271,A10,DEPARTED,C30,PLB
272,A1,DEPARTED,C30,PLB
272,A2,DEPARTED,C31,PLB
272,A3,DEPARTED,C32,PLB
272,A4,DEPARTED,C33,PLB
272,A5,DEPARTED,C30,PLB
272,A6,DEPARTED,C31,PLB
272,A7,DEPARTED,C30,PLB
272,A8,DEPARTED,C31,PLB
272,A9,DEPARTED,C32,PLB
272,A10,DEPARTED,C30,PLB
273,A1,DEPARTED,C30,PLB
273,A2,DEPARTED,C31,PLB
273,A3,DEPARTED,C32,PLB
273,A4,DEPARTED,C33,PLB
273,A5,DEPARTED,C30,PLB
273,A6,DEPARTED,C31,PLB
273,A7,DEPARTED,C30,PLB
273,A8,DEPARTED,C31,PLB
273,A9,DEPARTED,C32,PLB
273,A10,DEPARTED,C30,PLB
274,A1,DEPARTED,C30,PLB
274,A2,DEPARTED,C31,PLB
274,A3,DEPARTED,C32,PLB
274,A4,DEPARTED,C33,PLB
274,A5,DEPARTED,C30,PLB
274,A6,DEPARTED,C31,PLB
274,A7,DEPARTED,C30,PLB
274,A8,DEPARTED,C31,PLB
274,A9,DEPARTED,C32,PLB
274,A10,DEPARTED,C30,PLB
275,A1,DEPARTED,C30,PLB
275,A2,DEPARTED,C31,PLB
275,A3,DEPARTED,C32,PLB
275,A4,DEPARTED,C33,PLB
275,A5,DEPARTED,C30,PLB
275,A6,DEPARTED,C31,PLB
275,A7,DEPARTED,C30,PLB
275,A8,DEPARTED,C31,PLB
275,A9,DEPARTED,C32,PLB
275,A10,DEPARTED,C30,PLB
276,A1,DEPARTED,C30,PLB
276,A2,DEPARTED,C31,PLB
276,A3,DEPARTED,C32,PLB
276,A4,DEPARTED,C33,PLB
276,A5,DEPARTED,C30,PLB
276,A6,DEPARTED,C31,PLB
276,A7,DEPARTED,C30,PLB
276,A8,DEPARTED,C31,PLB
276,A9,DEPARTED,C32,PLB
276,A10,DEPARTED,C30,PLB
277,A1,DEPARTED,C30,PLB
277,A2,DEPARTED,C31,PLB
277,A3,DEPARTED,C32,PLB
277,A4,DEPARTED,C33,PLB
277,A5,DEPARTED,C30,PLB
277,A6,DEPARTED,C31,PLB
277,A7,DEPARTED,C30,PLB
277,A8,DEPARTED,C31,PLB
277,A9,DEPARTED,C32,PLB
277,A10,DEPARTED,C30,PLB
278,A1,DEPARTED,C30,PLB
278,A2,DEPARTED,C31,PLB
278,A3,DEPARTED,C32,PLB
278,A4,DEPARTED,C33,PLB
278,A5,DEPARTED,C30,PLB
278,A6,DEPARTED,C31,PLB
278,A7,DEPARTED,C30,PLB
278,A8,DEPARTED,C31,PLB
278,A9,DEPARTED,C32,PLB
278,A10,DEPARTED,C30,PLB
279,A1,DEPARTED,C30,PLB
279,A2,DEPARTED,C31,PLB
279,A3,DEPARTED,C32,PLB
279,A4,DEPARTED,C33,PLB
279,A5,DEPARTED,C30,PLB
279,A6,DEPARTED,C31,PLB
279,A7,DEPARTED,C30,PLB
279,A8,DEPARTED,C31,PLB
279,A9,DEPARTED,C32,PLB
279,A10,DEPARTED,C30,PLB
280,A1,DEPARTED,C30,PLB
280,A2,DEPARTED,C31,PLB
280,A3,DEPARTED,C32,PLB
280,A4,DEPARTED,C33,PLB
280,A5,DEPARTED,C30,PLB
280,A6,DEPARTED,C31,PLB
280,A7,DEPARTED,C30,PLB
280,A8,DEPARTED,C31,PLB
280,A9,DEPARTED,C32,PLB
280,A10,DEPARTED,C30,PLB
281,A1,DEPARTED,C30,PLB
281,A2,DEPARTED,C31,PLB
281,A3,DEPARTED,C32,PLB
281,A4,DEPARTED,C33,PLB
281,A5,DEPARTED,C30,PLB
281,A6,DEPARTED,C31,PLB
281,A7,DEPARTED,C30,PLB
281,A8,DEPARTED,C31,PLB
281,A9,DEPARTED,C32,PLB
281,A10,DEPARTED,C30,PLB
282,A1,DEPARTED,C30,PLB
282,A2,DEPARTED,C31,PLB
282,A3,DEPARTED,C32,PLB
282,A4,DEPARTED,C33,PLB
282,A5,DEPARTED,C30,PLB
282,A6,DEPARTED,C31,PLB
282,A7,DEPARTED,C30,PLB
282,A8,DEPARTED,C31,PLB
282,A9,DEPARTED,C32,PLB
282,A10,DEPARTED,C30,PLB
283,A1,DEPARTED,C30,PLB
283,A2,DEPARTED,C31,PLB
283,A3,DEPARTED,C32,PLB
283,A4,DEPARTED,C33,PLB
283,A5,DEPARTED,C30,PLB
283,A6,DEPARTED,C31,PLB
283,A7,DEPARTED,C30,PLB
283,A8,DEPARTED,C31,PLB
283,A9,DEPARTED,C32,PLB
283,A10,DEPARTED,C30,PLB
284,A1,DEPARTED,C30,PLB
284,A2,DEPARTED,C31,PLB
284,A3,DEPARTED,C32,PLB
284,A4,DEPARTED,C33,PLB
284,A5,DEPARTED,C30,PLB
284,A6,DEPARTED,C31,PLB
284,A7,DEPARTED,C30,PLB
284,A8,DEPARTED,C31,PLB
284,A9,DEPARTED,C32,PLB
284,A10,DEPARTED,C30,PLB
285,A1,DEPARTED,C30,PLB
285,A2,DEPARTED,C31,PLB
285,A3,DEPARTED,C32,PLB
285,A4,DEPARTED,C33,PLB
285,A5,DEPARTED,C30,PLB
285,A6,DEPARTED,C31,PLB
285,A7,DEPARTED,C30,PLB
285,A8,DEPARTED,C31,PLB
285,A9,DEPARTED,C32,PLB
285,A10,DEPARTED,C30,PLB
286,A1,DEPARTED,C30,PLB
286,A2,DEPARTED,C31,PLB
286,A3,DEPARTED,C32,PLB
286,A4,DEPARTED,C33,PLB
286,A5,DEPARTED,C30,PLB
286,A6,DEPARTED,C31,PLB
286,A7,DEPARTED,C30,PLB
286,A8,DEPARTED,C31,PLB
286,A9,DEPARTED,C32,PLB
286,A10,DEPARTED,C30,PLB
287,A1,DEPARTED,C30,PLB
287,A2,DEPARTED,C31,PLB
287,A3,DEPARTED,C32,PLB
287,A4,DEPARTED,C33,PLB
287,A5,DEPARTED,C30,PLB
287,A6,DEPARTED,C31,PLB
287,A7,DEPARTED,C30,PLB
287,A8,DEPARTED,C31,PLB
287,A9,DEPARTED,C32,PLB
287,A10,DEPARTED,C30,PLB
288,A1,DEPARTED,C30,PLB
288,A2,DEPARTED,C31,PLB
288,A3,DEPARTED,C32,PLB
288,A4,DEPARTED,C33,PLB
288,A5,DEPARTED,C30,PLB
288,A6,DEPARTED,C31,PLB
288,A7,DEPARTED,C30,PLB
288,A8,DEPARTED,C31,PLB
288,A9,DEPARTED,C32,PLB
288,A10,DEPARTED,C30,PLB
289,A1,DEPARTED,C30,PLB
289,A2,DEPARTED,C31,PLB
289,A3,DEPARTED,C32,PLB
289,A4,DEPARTED,C33,PLB
289,A5,DEPARTED,C30,PLB
289,A6,DEPARTED,C31,PLB
289,A7,DEPARTED,C30,PLB
289,A8,DEPARTED,C31,PLB
289,A9,DEPARTED,C32,PLB
289,A10,DEPARTED,C30,PLB
290,A1,DEPARTED,C30,PLB
290,A2,DEPARTED,C31,PLB
290,A3,DEPARTED,C32,PLB
290,A4,DEPARTED,C33,PLB
290,A5,DEPARTED,C30,PLB
290,A6,DEPARTED,C31,PLB
290,A7,DEPARTED,C30,PLB
290,A8,DEPARTED,C31,PLB
290,A9,DEPARTED,C32,PLB
290,A10,DEPARTED,C30,PLB
291,A1,DEPARTED,C30,PLB
291,A2,DEPARTED,C31,PLB
291,A3,DEPARTED,C32,PLB
291,A4,DEPARTED,C33,PLB
291,A5,DEPARTED,C30,PLB
291,A6,DEPARTED,C31,PLB
291,A7,DEPARTED,C30,PLB
291,A8,DEPARTED,C31,PLB
291,A9,DEPARTED,C32,PLB
291,A10,DEPARTED,C30,PLB
292,A1,DEPARTED,C30,PLB
292,A2,DEPARTED,C31,PLB
292,A3,DEPARTED,C32,PLB
292,A4,DEPARTED,C33,PLB
292,A5,DEPARTED,C30,PLB
292,A6,DEPARTED,C31,PLB
292,A7,DEPARTED,C30,PLB
292,A8,DEPARTED,C31,PLB
292,A9,DEPARTED,C32,PLB
292,A10,DEPARTED,C30,PLB
293,A1,DEPARTED,C30,PLB
293,A2,DEPARTED,C31,PLB
293,A3,DEPARTED,C32,PLB
293,A4,DEPARTED,C33,PLB
293,A5,DEPARTED,C30,PLB
293,A6,DEPARTED,C31,PLB
293,A7,DEPARTED,C30,PLB
293,A8,DEPARTED,C31,PLB
293,A9,DEPARTED,C32,PLB
293,A10,DEPARTED,C30,PLB
294,A1,DEPARTED,C30,PLB
294,A2,DEPARTED,C31,PLB
294,A3,DEPARTED,C32,PLB
294,A4,DEPARTED,C33,PLB
294,A5,DEPARTED,C30,PLB
294,A6,DEPARTED,C31,PLB
294,A7,DEPARTED,C30,PLB
294,A8,DEPARTED,C31,PLB
294,A9,DEPARTED,C32,PLB
294,A10,DEPARTED,C30,PLB
295,A1,DEPARTED,C30,PLB
295,A2,DEPARTED,C31,PLB
295,A3,DEPARTED,C32,PLB
295,A4,DEPARTED,C33,PLB
295,A5,DEPARTED,C30,PLB
295,A6,DEPARTED,C31,PLB
295,A7,DEPARTED,C30,PLB
295,A8,DEPARTED,C31,PLB
295,A9,DEPARTED,C32,PLB
295,A10,DEPARTED,C30,PLB
296,A1,DEPARTED,C30,PLB
296,A2,DEPARTED,C31,PLB
296,A3,DEPARTED,C32,PLB
296,A4,DEPARTED,C33,PLB
296,A5,DEPARTED,C30,PLB
296,A6,DEPARTED,C31,PLB
296,A7,DEPARTED,C30,PLB
296,A8,DEPARTED,C31,PLB
296,A9,DEPARTED,C32,PLB
296,A10,DEPARTED,C30,PLB
297,A1,DEPARTED,C30,PLB
297,A2,DEPARTED,C31,PLB
297,A3,DEPARTED,C32,PLB
297,A4,DEPARTED,C33,PLB
297,A5,DEPARTED,C30,PLB
297,A6,DEPARTED,C31,PLB
297,A7,DEPARTED,C30,PLB
297,A8,DEPARTED,C31,PLB
297,A9,DEPARTED,C32,PLB
297,A10,DEPARTED,C30,PLB
298,A1,DEPARTED,C30,PLB
298,A2,DEPARTED,C31,PLB
298,A3,DEPARTED,C32,PLB
298,A4,DEPARTED,C33,PLB
298,A5,DEPARTED,C30,PLB
298,A6,DEPARTED,C31,PLB
298,A7,DEPARTED,C30,PLB
298,A8,DEPARTED,C31,PLB
298,A9,DEPARTED,C32,PLB
298,A10,DEPARTED,C30,PLB
299,A1,DEPARTED,C30,PLB
299,A2,DEPARTED,C31,PLB
299,A3,DEPARTED,C32,PLB
299,A4,DEPARTED,C33,PLB
299,A5,DEPARTED,C30,PLB
299,A6,DEPARTED,C31,PLB
299,A7,DEPARTED,C30,PLB
299,A8,DEPARTED,C31,PLB
299,A9,DEPARTED,C32,PLB
299,A10,DEPARTED,C30,PLB
300,A1,DEPARTED,C30,PLB
300,A2,DEPARTED,C31,PLB
300,A3,DEPARTED,C32,PLB
300,A4,DEPARTED,C33,PLB
300,A5,DEPARTED,C30,PLB
300,A6,DEPARTED,C31,PLB
300,A7,DEPARTED,C30,PLB
300,A8,DEPARTED,C31,PLB
300,A9,DEPARTED,C32,PLB
300,A10,DEPARTED,C30,PLB
301,A1,DEPARTED,C30,PLB
301,A2,DEPARTED,C31,PLB
301,A3,DEPARTED,C32,PLB
301,A4,DEPARTED,C33,PLB
301,A5,DEPARTED,C30,PLB
301,A6,DEPARTED,C31,PLB
301,A7,DEPARTED,C30,PLB
301,A8,DEPARTED,C31,PLB
301,A9,DEPARTED,C32,PLB
301,A10,DEPARTED,C30,PLB
302,A1,DEPARTED,C30,PLB
302,A2,DEPARTED,C31,PLB
302,A3,DEPARTED,C32,PLB
302,A4,DEPARTED,C33,PLB
302,A5,DEPARTED,C30,PLB
302,A6,DEPARTED,C31,PLB
302,A7,DEPARTED,C30,PLB
302,A8,DEPARTED,C31,PLB
302,A9,DEPARTED,C32,PLB
302,A10,DEPARTED,C30,PLB
303,A1,DEPARTED,C30,PLB
303,A2,DEPARTED,C31,PLB
303,A3,DEPARTED,C32,PLB
303,A4,DEPARTED,C33,PLB
303,A5,DEPARTED,C30,PLB
303,A6,DEPARTED,C31,PLB
303,A7,DEPARTED,C30,PLB
303,A8,DEPARTED,C31,PLB
303,A9,DEPARTED,C32,PLB
303,A10,DEPARTED,C30,PLB
304,A1,DEPARTED,C30,PLB
304,A2,DEPARTED,C31,PLB
304,A3,DEPARTED,C32,PLB
304,A4,DEPARTED,C33,PLB
304,A5,DEPARTED,C30,PLB
304,A6,DEPARTED,C31,PLB
304,A7,DEPARTED,C30,PLB
304,A8,DEPARTED,C31,PLB
304,A9,DEPARTED,C32,PLB
304,A10,DEPARTED,C30,PLB
305,A1,DEPARTED,C30,PLB
305,A2,DEPARTED,C31,PLB
305,A3,DEPARTED,C32,PLB
305,A4,DEPARTED,C33,PLB
305,A5,DEPARTED,C30,PLB
305,A6,DEPARTED,C31,PLB
305,A7,DEPARTED,C30,PLB
305,A8,DEPARTED,C31,PLB
305,A9,DEPARTED,C32,PLB
305,A10,DEPARTED,C30,PLB
306,A1,DEPARTED,C30,PLB
306,A2,DEPARTED,C31,PLB
306,A3,DEPARTED,C32,PLB
306,A4,DEPARTED,C33,PLB
306,A5,DEPARTED,C30,PLB
306,A6,DEPARTED,C31,PLB
306,A7,DEPARTED,C30,PLB
306,A8,DEPARTED,C31,PLB
306,A9,DEPARTED,C32,PLB
306,A10,DEPARTED,C30,PLB
307,A1,DEPARTED,C30,PLB
307,A2,DEPARTED,C31,PLB
307,A3,DEPARTED,C32,PLB
307,A4,DEPARTED,C33,PLB
307,A5,DEPARTED,C30,PLB
307,A6,DEPARTED,C31,PLB
307,A7,DEPARTED,C30,PLB
307,A8,DEPARTED,C31,PLB
307,A9,DEPARTED,C32,PLB
307,A10,DEPARTED,C30,PLB
308,A1,DEPARTED,C30,PLB
308,A2,DEPARTED,C31,PLB
308,A3,DEPARTED,C32,PLB
308,A4,DEPARTED,C33,PLB
308,A5,DEPARTED,C30,PLB
308,A6,DEPARTED,C31,PLB
308,A7,DEPARTED,C30,PLB
308,A8,DEPARTED,C31,PLB
308,A9,DEPARTED,C32,PLB
308,A10,DEPARTED,C30,PLB
309,A1,DEPARTED,C30,PLB
309,A2,DEPARTED,C31,PLB
309,A3,DEPARTED,C32,PLB
309,A4,DEPARTED,C33,PLB
309,A5,DEPARTED,C30,PLB
309,A6,DEPARTED,C31,PLB
309,A7,DEPARTED,C30,PLB
309,A8,DEPARTED,C31,PLB
309,A9,DEPARTED,C32,PLB
309,A10,DEPARTED,C30,PLB
310,A1,DEPARTED,C30,PLB
310,A2,DEPARTED,C31,PLB
310,A3,DEPARTED,C32,PLB
310,A4,DEPARTED,C33,PLB
310,A5,DEPARTED,C30,PLB
310,A6,DEPARTED,C31,PLB
310,A7,DEPARTED,C30,PLB
310,A8,DEPARTED,C31,PLB
310,A9,DEPARTED,C32,PLB
310,A10,DEPARTED,C30,PLB
311,A1,DEPARTED,C30,PLB
311,A2,DEPARTED,C31,PLB
311,A3,DEPARTED,C32,PLB
311,A4,DEPARTED,C33,PLB
311,A5,DEPARTED,C30,PLB
311,A6,DEPARTED,C31,PLB
311,A7,DEPARTED,C30,PLB
311,A8,DEPARTED,C31,PLB
311,A9,DEPARTED,C32,PLB
311,A10,DEPARTED,C30,PLB
312,A1,DEPARTED,C30,PLB
312,A2,DEPARTED,C31,PLB
312,A3,DEPARTED,C32,PLB
312,A4,DEPARTED,C33,PLB
312,A5,DEPARTED,C30,PLB
312,A6,DEPARTED,C31,PLB
312,A7,DEPARTED,C30,PLB
312,A8,DEPARTED,C31,PLB
312,A9,DEPARTED,C32,PLB
312,A10,DEPARTED,C30,PLB
313,A1,DEPARTED,C30,PLB
313,A2,DEPARTED,C31,PLB
313,A3,DEPARTED,C32,PLB
313,A4,DEPARTED,C33,PLB
313,A5,DEPARTED,C30,PLB
313,A6,DEPARTED,C31,PLB
313,A7,DEPARTED,C30,PLB
313,A8,DEPARTED,C31,PLB
313,A9,DEPARTED,C32,PLB
313,A10,DEPARTED,C30,PLB
314,A1,DEPARTED,C30,PLB
314,A2,DEPARTED,C31,PLB
314,A3,DEPARTED,C32,PLB
314,A4,DEPARTED,C33,PLB
314,A5,DEPARTED,C30,PLB
314,A6,DEPARTED,C31,PLB
314,A7,DEPARTED,C30,PLB
314,A8,DEPARTED,C31,PLB
314,A9,DEPARTED,C32,PLB
314,A10,DEPARTED,C30,PLB
315,A1,DEPARTED,C30,PLB
315,A2,DEPARTED,C31,PLB
315,A3,DEPARTED,C32,PLB
315,A4,DEPARTED,C33,PLB
315,A5,DEPARTED,C30,PLB
315,A6,DEPARTED,C31,PLB
315,A7,DEPARTED,C30,PLB
315,A8,DEPARTED,C31,PLB
315,A9,DEPARTED,C32,PLB
315,A10,DEPARTED,C30,PLB
316,A1,DEPARTED,C30,PLB
316,A2,DEPARTED,C31,PLB
316,A3,DEPARTED,C32,PLB
316,A4,DEPARTED,C33,PLB
316,A5,DEPARTED,C30,PLB
316,A6,DEPARTED,C31,PLB
316,A7,DEPARTED,C30,PLB
316,A8,DEPARTED,C31,PLB
316,A9,DEPARTED,C32,PLB
316,A10,DEPARTED,C30,PLB
317,A1,DEPARTED,C30,PLB
317,A2,DEPARTED,C31,PLB
317,A3,DEPARTED,C32,PLB
317,A4,DEPARTED,C33,PLB
317,A5,DEPARTED,C30,PLB
317,A6,DEPARTED,C31,PLB
317,A7,DEPARTED,C30,PLB
317,A8,DEPARTED,C31,PLB
317,A9,DEPARTED,C32,PLB
317,A10,DEPARTED,C30,PLB
318,A1,DEPARTED,C30,PLB
318,A2,DEPARTED,C31,PLB
318,A3,DEPARTED,C32,PLB
318,A4,DEPARTED,C33,PLB
318,A5,DEPARTED,C30,PLB
318,A6,DEPARTED,C31,PLB
318,A7,DEPARTED,C30,PLB
318,A8,DEPARTED,C31,PLB
318,A9,DEPARTED,C32,PLB
318,A10,DEPARTED,C30,PLB
319,A1,DEPARTED,C30,PLB
319,A2,DEPARTED,C31,PLB
319,A3,DEPARTED,C32,PLB
319,A4,DEPARTED,C33,PLB
319,A5,DEPARTED,C30,PLB
319,A6,DEPARTED,C31,PLB
319,A7,DEPARTED,C30,PLB
319,A8,DEPARTED,C31,PLB
319,A9,DEPARTED,C32,PLB
319,A10,DEPARTED,C30,PLB
320,A1,DEPARTED,C30,PLB
320,A2,DEPARTED,C31,PLB
320,A3,DEPARTED,C32,PLB
320,A4,DEPARTED,C33,PLB
320,A5,DEPARTED,C30,PLB
320,A6,DEPARTED,C31,PLB
320,A7,DEPARTED,C30,PLB
320,A8,DEPARTED,C31,PLB
320,A9,DEPARTED,C32,PLB
320,A10,DEPARTED,C30,PLB
321,A1,DEPARTED,C30,PLB
321,A2,DEPARTED,C31,PLB
321,A3,DEPARTED,C32,PLB
321,A4,DEPARTED,C33,PLB
321,A5,DEPARTED,C30,PLB
321,A6,DEPARTED,C31,PLB
321,A7,DEPARTED,C30,PLB
321,A8,DEPARTED,C31,PLB
321,A9,DEPARTED,C32,PLB
321,A10,DEPARTED,C30,PLB
322,A1,DEPARTED,C30,PLB
322,A2,DEPARTED,C31,PLB
322,A3,DEPARTED,C32,PLB
322,A4,DEPARTED,C33,PLB
322,A5,DEPARTED,C30,PLB
322,A6,DEPARTED,C31,PLB
322,A7,DEPARTED,C30,PLB
322,A8,DEPARTED,C31,PLB
322,A9,DEPARTED,C32,PLB
322,A10,DEPARTED,C30,PLB
323,A1,DEPARTED,C30,PLB
323,A2,DEPARTED,C31,PLB
323,A3,DEPARTED,C32,PLB
323,A4,DEPARTED,C33,PLB
323,A5,DEPARTED,C30,PLB
323,A6,DEPARTED,C31,PLB
323,A7,DEPARTED,C30,PLB
323,A8,DEPARTED,C31,PLB
323,A9,DEPARTED,C32,PLB
323,A10,DEPARTED,C30,PLB
324,A1,DEPARTED,C30,PLB
324,A2,DEPARTED,C31,PLB
324,A3,DEPARTED,C32,PLB
324,A4,DEPARTED,C33,PLB
324,A5,DEPARTED,C30,PLB
324,A6,DEPARTED,C31,PLB
324,A7,DEPARTED,C30,PLB
324,A8,DEPARTED,C31,PLB
324,A9,DEPARTED,C32,PLB
324,A10,DEPARTED,C30,PLB
325,A1,DEPARTED,C30,PLB
325,A2,DEPARTED,C31,PLB
325,A3,DEPARTED,C32,PLB
325,A4,DEPARTED,C33,PLB
325,A5,DEPARTED,C30,PLB
325,A6,DEPARTED,C31,PLB
325,A7,DEPARTED,C30,PLB
325,A8,DEPARTED,C31,PLB
325,A9,DEPARTED,C32,PLB
325,A10,DEPARTED,C30,PLB
326,A1,DEPARTED,C30,PLB
326,A2,DEPARTED,C31,PLB
326,A3,DEPARTED,C32,PLB
326,A4,DEPARTED,C33,PLB
326,A5,DEPARTED,C30,PLB
326,A6,DEPARTED,C31,PLB
326,A7,DEPARTED,C30,PLB
326,A8,DEPARTED,C31,PLB
326,A9,DEPARTED,C32,PLB
326,A10,DEPARTED,C30,PLB
327,A1,DEPARTED,C30,PLB
327,A2,DEPARTED,C31,PLB
327,A3,DEPARTED,C32,PLB
327,A4,DEPARTED,C33,PLB
327,A5,DEPARTED,C30,PLB
327,A6,DEPARTED,C31,PLB
327,A7,DEPARTED,C30,PLB
327,A8,DEPARTED,C31,PLB
327,A9,DEPARTED,C32,PLB
327,A10,DEPARTED,C30,PLB
328,A1,DEPARTED,C30,PLB
328,A2,DEPARTED,C31,PLB
328,A3,DEPARTED,C32,PLB
328,A4,DEPARTED,C33,PLB
328,A5,DEPARTED,C30,PLB
328,A6,DEPARTED,C31,PLB
328,A7,DEPARTED,C30,PLB
328,A8,DEPARTED,C31,PLB
328,A9,DEPARTED,C32,PLB
328,A10,DEPARTED,C30,PLB
329,A1,DEPARTED,C30,PLB
329,A2,DEPARTED,C31,PLB
329,A3,DEPARTED,C32,PLB
329,A4,DEPARTED,C33,PLB
329,A5,DEPARTED,C30,PLB
329,A6,DEPARTED,C31,PLB
329,A7,DEPARTED,C30,PLB
329,A8,DEPARTED,C31,PLB
329,A9,DEPARTED,C32,PLB
329,A10,DEPARTED,C30,PLB
330,A1,DEPARTED,C30,PLB
330,A2,DEPARTED,C31,PLB
330,A3,DEPARTED,C32,PLB
330,A4,DEPARTED,C33,PLB
330,A5,DEPARTED,C30,PLB
330,A6,DEPARTED,C31,PLB
330,A7,DEPARTED,C30,PLB
330,A8,DEPARTED,C31,PLB
330,A9,DEPARTED,C32,PLB
330,A10,DEPARTED,C30,PLB
331,A1,DEPARTED,C30,PLB
331,A2,DEPARTED,C31,PLB
331,A3,DEPARTED,C32,PLB
331,A4,DEPARTED,C33,PLB
331,A5,DEPARTED,C30,PLB
331,A6,DEPARTED,C31,PLB
331,A7,DEPARTED,C30,PLB
331,A8,DEPARTED,C31,PLB
331,A9,DEPARTED,C32,PLB
331,A10,DEPARTED,C30,PLB
332,A1,DEPARTED,C30,PLB
332,A2,DEPARTED,C31,PLB
332,A3,DEPARTED,C32,PLB
332,A4,DEPARTED,C33,PLB
332,A5,DEPARTED,C30,PLB
332,A6,DEPARTED,C31,PLB
332,A7,DEPARTED,C30,PLB
332,A8,DEPARTED,C31,PLB
332,A9,DEPARTED,C32,PLB
332,A10,DEPARTED,C30,PLB
333,A1,DEPARTED,C30,PLB
333,A2,DEPARTED,C31,PLB
333,A3,DEPARTED,C32,PLB
333,A4,DEPARTED,C33,PLB
333,A5,DEPARTED,C30,PLB
333,A6,DEPARTED,C31,PLB
333,A7,DEPARTED,C30,PLB
333,A8,DEPARTED,C31,PLB
333,A9,DEPARTED,C32,PLB
333,A10,DEPARTED,C30,PLB
334,A1,DEPARTED,C30,PLB
334,A2,DEPARTED,C31,PLB
334,A3,DEPARTED,C32,PLB
334,A4,DEPARTED,C33,PLB
334,A5,DEPARTED,C30,PLB
334,A6,DEPARTED,C31,PLB
334,A7,DEPARTED,C30,PLB
334,A8,DEPARTED,C31,PLB
334,A9,DEPARTED,C32,PLB
334,A10,DEPARTED,C30,PLB
335,A1,DEPARTED,C30,PLB
335,A2,DEPARTED,C31,PLB
335,A3,DEPARTED,C32,PLB
335,A4,DEPARTED,C33,PLB
335,A5,DEPARTED,C30,PLB
335,A6,DEPARTED,C31,PLB
335,A7,DEPARTED,C30,PLB
335,A8,DEPARTED,C31,PLB
335,A9,DEPARTED,C32,PLB
335,A10,DEPARTED,C30,PLB
336,A1,DEPARTED,C30,PLB
336,A2,DEPARTED,C31,PLB
336,A3,DEPARTED,C32,PLB
336,A4,DEPARTED,C33,PLB
336,A5,DEPARTED,C30,PLB
336,A6,DEPARTED,C31,PLB
336,A7,DEPARTED,C30,PLB
336,A8,DEPARTED,C31,PLB
336,A9,DEPARTED,C32,PLB
336,A10,DEPARTED,C30,PLB
337,A1,DEPARTED,C30,PLB
337,A2,DEPARTED,C31,PLB
337,A3,DEPARTED,C32,PLB
337,A4,DEPARTED,C33,PLB
337,A5,DEPARTED,C30,PLB
337,A6,DEPARTED,C31,PLB
337,A7,DEPARTED,C30,PLB
337,A8,DEPARTED,C31,PLB
337,A9,DEPARTED,C32,PLB
337,A10,DEPARTED,C30,PLB
338,A1,DEPARTED,C30,PLB
338,A2,DEPARTED,C31,PLB
338,A3,DEPARTED,C32,PLB
338,A4,DEPARTED,C33,PLB
338,A5,DEPARTED,C30,PLB
338,A6,DEPARTED,C31,PLB
338,A7,DEPARTED,C30,PLB
338,A8,DEPARTED,C31,PLB
338,A9,DEPARTED,C32,PLB
338,A10,DEPARTED,C30,PLB
339,A1,DEPARTED,C30,PLB
339,A2,DEPARTED,C31,PLB
339,A3,DEPARTED,C32,PLB
339,A4,DEPARTED,C33,PLB
339,A5,DEPARTED,C30,PLB
339,A6,DEPARTED,C31,PLB
339,A7,DEPARTED,C30,PLB
339,A8,DEPARTED,C31,PLB
339,A9,DEPARTED,C32,PLB
339,A10,DEPARTED,C30,PLB
340,A1,DEPARTED,C30,PLB
340,A2,DEPARTED,C31,PLB
340,A3,DEPARTED,C32,PLB
340,A4,DEPARTED,C33,PLB
340,A5,DEPARTED,C30,PLB
340,A6,DEPARTED,C31,PLB
340,A7,DEPARTED,C30,PLB
340,A8,DEPARTED,C31,PLB
340,A9,DEPARTED,C32,PLB
340,A10,DEPARTED,C30,PLB
341,A1,DEPARTED,C30,PLB
341,A2,DEPARTED,C31,PLB
341,A3,DEPARTED,C32,PLB
341,A4,DEPARTED,C33,PLB
341,A5,DEPARTED,C30,PLB
341,A6,DEPARTED,C31,PLB
341,A7,DEPARTED,C30,PLB
341,A8,DEPARTED,C31,PLB
341,A9,DEPARTED,C32,PLB
341,A10,DEPARTED,C30,PLB
342,A1,DEPARTED,C30,PLB
342,A2,DEPARTED,C31,PLB
342,A3,DEPARTED,C32,PLB
342,A4,DEPARTED,C33,PLB
342,A5,DEPARTED,C30,PLB
342,A6,DEPARTED,C31,PLB
342,A7,DEPARTED,C30,PLB
342,A8,DEPARTED,C31,PLB
342,A9,DEPARTED,C32,PLB
342,A10,DEPARTED,C30,PLB
343,A1,DEPARTED,C30,PLB
343,A2,DEPARTED,C31,PLB
343,A3,DEPARTED,C32,PLB
343,A4,DEPARTED,C33,PLB
343,A5,DEPARTED,C30,PLB
343,A6,DEPARTED,C31,PLB
343,A7,DEPARTED,C30,PLB
343,A8,DEPARTED,C31,PLB
343,A9,DEPARTED,C32,PLB
343,A10,DEPARTED,C30,PLB
344,A1,DEPARTED,C30,PLB
344,A2,DEPARTED,C31,PLB
344,A3,DEPARTED,C32,PLB
344,A4,DEPARTED,C33,PLB
344,A5,DEPARTED,C30,PLB
344,A6,DEPARTED,C31,PLB
344,A7,DEPARTED,C30,PLB
344,A8,DEPARTED,C31,PLB
344,A9,DEPARTED,C32,PLB
344,A10,DEPARTED,C30,PLB
345,A1,DEPARTED,C30,PLB
345,A2,DEPARTED,C31,PLB
345,A3,DEPARTED,C32,PLB
345,A4,DEPARTED,C33,PLB
345,A5,DEPARTED,C30,PLB
345,A6,DEPARTED,C31,PLB
345,A7,DEPARTED,C30,PLB
345,A8,DEPARTED,C31,PLB
345,A9,DEPARTED,C32,PLB
345,A10,DEPARTED,C30,PLB
346,A1,DEPARTED,C30,PLB
346,A2,DEPARTED,C31,PLB
346,A3,DEPARTED,C32,PLB
346,A4,DEPARTED,C33,PLB
346,A5,DEPARTED,C30,PLB
346,A6,DEPARTED,C31,PLB
346,A7,DEPARTED,C30,PLB
346,A8,DEPARTED,C31,PLB
346,A9,DEPARTED,C32,PLB
346,A10,DEPARTED,C30,PLB
347,A1,DEPARTED,C30,PLB
347,A2,DEPARTED,C31,PLB
347,A3,DEPARTED,C32,PLB
347,A4,DEPARTED,C33,PLB
347,A5,DEPARTED,C30,PLB
347,A6,DEPARTED,C31,PLB
347,A7,DEPARTED,C30,PLB
347,A8,DEPARTED,C31,PLB
347,A9,DEPARTED,C32,PLB
347,A10,DEPARTED,C30,PLB
348,A1,DEPARTED,C30,PLB
348,A2,DEPARTED,C31,PLB
348,A3,DEPARTED,C32,PLB
348,A4,DEPARTED,C33,PLB
348,A5,DEPARTED,C30,PLB
348,A6,DEPARTED,C31,PLB
348,A7,DEPARTED,C30,PLB
348,A8,DEPARTED,C31,PLB
348,A9,DEPARTED,C32,PLB
348,A10,DEPARTED,C30,PLB
349,A1,DEPARTED,C30,PLB
349,A2,DEPARTED,C31,PLB
349,A3,DEPARTED,C32,PLB
349,A4,DEPARTED,C33,PLB
349,A5,DEPARTED,C30,PLB
349,A6,DEPARTED,C31,PLB
349,A7,DEPARTED,C30,PLB
349,A8,DEPARTED,C31,PLB
349,A9,DEPARTED,C32,PLB
349,A10,DEPARTED,C30,PLB
350,A1,DEPARTED,C30,PLB
350,A2,DEPARTED,C31,PLB
350,A3,DEPARTED,C32,PLB
350,A4,DEPARTED,C33,PLB
350,A5,DEPARTED,C30,PLB
350,A6,DEPARTED,C31,PLB
350,A7,DEPARTED,C30,PLB
350,A8,DEPARTED,C31,PLB
350,A9,DEPARTED,C32,PLB
350,A10,DEPARTED,C30,PLB
351,A1,DEPARTED,C30,PLB
351,A2,DEPARTED,C31,PLB
351,A3,DEPARTED,C32,PLB
351,A4,DEPARTED,C33,PLB
351,A5,DEPARTED,C30,PLB
351,A6,DEPARTED,C31,PLB
351,A7,DEPARTED,C30,PLB
351,A8,DEPARTED,C31,PLB
351,A9,DEPARTED,C32,PLB
351,A10,DEPARTED,C30,PLB
352,A1,DEPARTED,C30,PLB
352,A2,DEPARTED,C31,PLB
352,A3,DEPARTED,C32,PLB
352,A4,DEPARTED,C33,PLB
352,A5,DEPARTED,C30,PLB
352,A6,DEPARTED,C31,PLB
352,A7,DEPARTED,C30,PLB
352,A8,DEPARTED,C31,PLB
352,A9,DEPARTED,C32,PLB
352,A10,DEPARTED,C30,PLB
353,A1,DEPARTED,C30,PLB
353,A2,DEPARTED,C31,PLB
353,A3,DEPARTED,C32,PLB
353,A4,DEPARTED,C33,PLB
353,A5,DEPARTED,C30,PLB
353,A6,DEPARTED,C31,PLB
353,A7,DEPARTED,C30,PLB
353,A8,DEPARTED,C31,PLB
353,A9,DEPARTED,C32,PLB
353,A10,DEPARTED,C30,PLB
354,A1,DEPARTED,C30,PLB
354,A2,DEPARTED,C31,PLB
354,A3,DEPARTED,C32,PLB
354,A4,DEPARTED,C33,PLB
354,A5,DEPARTED,C30,PLB
354,A6,DEPARTED,C31,PLB
354,A7,DEPARTED,C30,PLB
354,A8,DEPARTED,C31,PLB
354,A9,DEPARTED,C32,PLB
354,A10,DEPARTED,C30,PLB
355,A1,DEPARTED,C30,PLB
355,A2,DEPARTED,C31,PLB
355,A3,DEPARTED,C32,PLB
355,A4,DEPARTED,C33,PLB
355,A5,DEPARTED,C30,PLB
355,A6,DEPARTED,C31,PLB
355,A7,DEPARTED,C30,PLB
355,A8,DEPARTED,C31,PLB
355,A9,DEPARTED,C32,PLB
355,A10,DEPARTED,C30,PLB
356,A1,DEPARTED,C30,PLB
356,A2,DEPARTED,C31,PLB
356,A3,DEPARTED,C32,PLB
356,A4,DEPARTED,C33,PLB
356,A5,DEPARTED,C30,PLB
356,A6,DEPARTED,C31,PLB
356,A7,DEPARTED,C30,PLB
356,A8,DEPARTED,C31,PLB
356,A9,DEPARTED,C32,PLB
356,A10,DEPARTED,C30,PLB
357,A1,DEPARTED,C30,PLB
357,A2,DEPARTED,C31,PLB
357,A3,DEPARTED,C32,PLB
357,A4,DEPARTED,C33,PLB
357,A5,DEPARTED,C30,PLB
357,A6,DEPARTED,C31,PLB
357,A7,DEPARTED,C30,PLB
357,A8,DEPARTED,C31,PLB
357,A9,DEPARTED,C32,PLB
357,A10,DEPARTED,C30,PLB
358,A1,DEPARTED,C30,PLB
358,A2,DEPARTED,C31,PLB
358,A3,DEPARTED,C32,PLB
358,A4,DEPARTED,C33,PLB
358,A5,DEPARTED,C30,PLB
358,A6,DEPARTED,C31,PLB
358,A7,DEPARTED,C30,PLB
358,A8,DEPARTED,C31,PLB
358,A9,DEPARTED,C32,PLB
358,A10,DEPARTED,C30,PLB
359,A1,DEPARTED,C30,PLB
359,A2,DEPARTED,C31,PLB
359,A3,DEPARTED,C32,PLB
359,A4,DEPARTED,C33,PLB
359,A5,DEPARTED,C30,PLB
359,A6,DEPARTED,C31,PLB
359,A7,DEPARTED,C30,PLB
359,A8,DEPARTED,C31,PLB
359,A9,DEPARTED,C32,PLB
359,A10,DEPARTED,C30,PLB
